"date","n.conributors","troops.sum","troops.mean","troops.med","troops.sd","police.sum","police.mean","police.med","police.sd","observers.sum","observers.mean","observers.med","observers.sd","total.sum","total.mean","total.med","total.sd","dist.mean"
1990-11-30,46,10285,110.591397849462,11,232.972765555153,44,22,22,5.65685424949238,0,NA,NA,NA,10329,109.882978723404,11,231.803580941426,7019510.23598085
1990-12-31,46,10285,110.591397849462,11,232.972765555153,44,22,22,5.65685424949238,0,NA,NA,NA,10329,109.882978723404,11,231.803580941426,7019510.23598085
1991-01-31,46,10285,110.591397849462,11,232.972765555153,44,22,22,5.65685424949238,0,NA,NA,NA,10329,109.882978723404,11,231.803580941426,7019510.23598085
1991-02-28,46,10285,110.591397849462,11,232.972765555153,44,22,22,5.65685424949238,0,NA,NA,NA,10329,109.882978723404,11,231.803580941426,7019510.23598085
1991-03-31,37,9744,143.294117647059,13,261.995730785744,37,18.5,18.5,0.707106781186548,0,NA,NA,NA,9781,141.753623188406,14,260.365603007245,7092499.74797246
1991-04-30,46,10675,108.928571428571,8,230.238569681694,38,19,19,1.4142135623731,0,NA,NA,NA,10713,108.212121212121,9,229.162150627342,7187313.81059798
1991-05-31,49,10662,104.529411764706,8.5,226.094114543775,38,19,19,1.4142135623731,0,NA,NA,NA,10700,103.883495145631,10,225.069152814082,7167473.46253592
1991-06-30,50,10657,104.480392156863,9.5,225.410548673548,38,19,19,1.4142135623731,0,NA,NA,NA,10695,103.834951456311,10,224.389065874579,7170899.3817301
1991-07-31,54,10824,93.3103448275862,10,213.358135895783,37,18.5,18.5,2.12132034355964,0,NA,NA,NA,10861,92.8290598290598,10,212.491999467984,7081123.56584786
1991-08-31,54,10798,94.719298245614,10.5,214.947308166441,37,18.5,18.5,2.12132034355964,0,NA,NA,NA,10835,94.2173913043478,11,214.061795578913,7150870.14802783
1991-09-30,57,11138,76.8137931034483,10,193.427275531504,129,10.75,10,4.13686310670735,0,NA,NA,NA,11267,76.1283783783784,11.5,191.459175961711,6990027.94190068
1991-10-31,57,10981,74.7006802721088,12,189.985306388072,0,NA,NA,NA,0,NA,NA,NA,10981,74.7006802721088,12,189.985306388072,6952544.69468912
1991-11-30,57,11209,65.9352941176471,9.5,178.635530041222,155,11.0714285714286,10,3.45218516559909,0,NA,NA,NA,11364,65.6878612716763,10,177.0342094209,7035343.5498289
1991-12-31,56,11136,67.9024390243902,9,181.205107645892,155,11.0714285714286,10,3.45218516559909,0,NA,NA,NA,11291,67.6107784431138,10,179.525809477823,7040085.37161916
1992-01-31,51,11464,69.4787878787879,11,180.313094497605,145,11.1538461538462,10,3.57878363521634,0,NA,NA,NA,11609,69.1011904761905,11,178.704876298733,7142276.58234762
1992-02-29,53,12032,74.7329192546584,10,188.563111376668,386,21.4444444444444,10,35.5812611326643,0,NA,NA,NA,12418,74.3592814371257,10,185.797020400872,7202554.41417006
1992-03-31,55,14183,88.0931677018634,12,208.259477612732,494,21.4782608695652,10,32.0097564178307,0,NA,NA,NA,14677,86.8461538461538,12,204.665173718768,7264747.43988402
1992-04-30,60,23866,126.946808510638,14.5,286.156659050898,1132,23.1020408163265,14,25.6151362300034,0,NA,NA,NA,24998,125.618090452261,15,282.676752382911,7212948.38538945
1992-05-31,60,23866,126.946808510638,14.5,286.156659050898,1132,23.1020408163265,14,25.6151362300034,0,NA,NA,NA,24998,125.618090452261,15,282.676752382911,7212948.38538945
1992-06-30,60,23866,126.946808510638,14.5,286.156659050898,1132,23.1020408163265,14,25.6151362300034,0,NA,NA,NA,24998,125.618090452261,15,282.676752382911,7212948.38538945
1992-07-31,60,23866,126.946808510638,14.5,286.156659050898,1132,23.1020408163265,14,25.6151362300034,0,NA,NA,NA,24998,125.618090452261,15,282.676752382911,7212948.38538945
1992-08-31,60,37814,504.186666666667,409,486.741084770542,3886,56.3188405797101,36,61.3918208658467,2138,12.5029239766082,8,13.3396244188269,43838,191.43231441048,20,378.929877098938,7167773.77906332
1992-09-30,65,38235,496.558441558442,409,477.227781140491,3769,56.2537313432836,36,50.9468954903883,2129,12.0282485875706,7,12.82993187935,44133,187.004237288136,18.5,372.823915974277,7158264.70253602
1992-10-31,64,37931,486.294871794872,405,473.714092878333,4252,63.4626865671642,36,70.2526454496412,2045,11.6193181818182,7,12.61008537825,44228,187.406779661017,15,376.710075037411,7147423.93159534
1992-11-30,63,44764,573.897435897436,493.5,651.222358931695,4186,64.4,36,71.08199490729,2041,11.7298850574713,7,12.7592887161325,50991,216.063559322034,15,478.29690790683,7155159.50744703
1992-12-31,63,45775,551.506024096386,440,680.49310266023,4413,66.8636363636364,40,72.0358642223839,2066,11.8057142857143,7,12.6121165710065,52254,218.635983263598,15,497.330323797647,7146572.67441632
1993-01-31,67,44607,501.202247191011,346,682.225438942544,5215,80.2307692307692,42,111.946243967636,2373,13.56,7,30.8586991032485,52195,217.479166666667,15,501.757563255225,7142442.50452292
1993-02-28,69,45829,509.211111111111,356.5,685.671482488245,5201,77.6268656716418,40,111.163520807003,2313,12.9217877094972,7,29.0981393501384,53343,214.228915662651,15,499.92805108064,7081787.7051506
1993-03-31,69,46556,500.602150537634,354,679.089930328514,5233,76.9558823529412,40.5,110.208274173153,2255,13.5843373493976,7.5,30.1718631998783,54044,226.125523012552,17,509.131977715399,7058542.44558787
1993-04-30,70,49473,526.308510638298,384.5,690.647180153276,5624,80.3428571428571,39.5,117.370821462785,2299,13.8493975903614,8,31.2143357643673,57396,240.150627615063,17,522.832317935852,7068824.6654749
1993-05-31,71,67216,605.54954954955,414,782.537071311684,5187,74.1,39,109.006867221516,2251,13.3988095238095,8,28.5875354692045,74654,290.482490272374,20,608.325943712558,6965414.73924708
1993-06-30,73,70721,625.849557522124,440,858.423775853567,4799,70.5735294117647,34,109.032559312998,2276,12.6444444444444,7,27.7554408018147,77796,288.133333333333,20,645.831607640497,7032985.9797537
1993-07-31,72,69982,624.839285714286,427,851.945231010143,5355,73.3561643835616,36,108.342739317693,2320,13.1073446327684,7,31.3420426732479,77657,293.045283018868,20,645.483585033532,7017178.46709623
1993-08-31,71,69934,624.410714285714,404,906.855606508192,2973,47.1904761904762,19,100.476583236105,2303,12.7944444444444,7,30.8759813762513,75210,281.685393258427,15,667.348404607148,7012466.49409176
1993-09-30,72,71731,646.225225225225,402,929.283856082782,2005,37.1296296296296,11.5,100.539121512858,2422,11.990099009901,7,28.8714753786053,76158,267.221052631579,15,661.672143064327,6964459.48127544
1993-10-31,71,71717,592.702479338843,252,955.120844401623,1039,21.2040816326531,15,20.9572775663538,2297,11.4278606965174,7,28.6044755222063,75053,257.030821917808,14.5,682.472502933124,7050214.6580774
1993-11-30,68,68722,667.203883495146,352,992.692193661922,1046,24.3255813953488,20,21.1690710260586,2349,12.1082474226804,7,28.2621633958569,72117,271.116541353383,15,699.430337980571,6877396.1669906
1993-12-31,69,66708,660.475247524752,404,968.773106501821,1048,24.3720930232558,20,21.1390219801403,2175,11.1538461538462,7,10.1202523845369,69931,261.913857677903,15,678.212924343891,6852306.46703184
1994-01-31,70,66929,662.663366336634,428,940.15171411031,1151,22.5686274509804,15,20.2753593329053,2310,11.55,7.5,10.3820244731364,70390,258.786764705882,15,658.438815623837,6832981.14869596
1994-02-28,70,68285,676.089108910891,427,999.56692721408,1215,21.3157894736842,15,19.8756472443908,2338,11.5742574257426,8,10.2100784611167,71838,263.142857142857,15,692.679875313168,6817393.38565311
1994-03-31,66,66136,688.916666666667,396.5,1058.96674235006,1297,21.2622950819672,15,18.8917103860787,2413,12.0049751243781,8,10.5358898591613,69846,257.734317343173,15,713.783556961302,6827683.97671328
1994-04-30,66,67237,738.868131868132,423,1227.67709479498,1307,21.7833333333333,15.5,19.0983996726557,2378,12.0710659898477,8,10.3141979310031,70922,267.630188679245,15,802.115630027041,6849890.60555962
1994-05-31,68,66691,724.902173913043,366,1221.21973848507,1501,20.0133333333333,11,18.9312364020872,2340,11.9387755102041,8.5,10.1867851314067,70532,262.200743494424,15,794.935698985668,6853674.77934721
1994-06-30,68,67418,766.113636363636,425,1204.27874567443,1755,21.6666666666667,10,23.0932890684718,2463,11.8985507246377,8,10.335833972584,71636,259.550724637681,13.5,770.501329807961,6885920.3075413
1994-07-31,68,68967,792.724137931035,423,1212.21095993533,1931,22.1954022988506,10,22.8431655243638,2378,11.6,8,10.1646253174004,73276,264.534296028881,14,775.200677441028,6862313.48846534
1994-08-31,70,72339,753.53125,413.5,1179.86298002977,1859,22.1309523809524,11.5,22.3901762892293,2461,11.7751196172249,8,10.5644611565802,76659,271.840425531915,15,778.263112749159,6819072.88220745
1994-09-30,72,74055,718.980582524272,367,1133.3007923291,2323,26.1011235955056,15,34.4710171223661,2568,12.5268292682927,8,13.5901316631837,78946,279.950354609929,15,770.546862479794,6815688.99048759
1994-10-31,73,71562,708.534653465347,391,1044.25314521295,2428,25.8297872340426,14,33.5967990980043,2384,11.6292682926829,7,13.2339107625004,76374,265.1875,12,709.427250642872,6913439.43288368
1994-11-30,75,70941,723.887755102041,406,1052.04031401974,2197,24.1428571428571,13,32.589559142145,2361,11.5735294117647,7,13.3884548932168,75499,264.908771929825,10,711.191580011406,6943331.81764737
1994-12-31,75,65817,658.17,363.5,970.42732496066,1993,21.4301075268817,15,22.1734260504415,2415,11.555023923445,7,13.0891207807066,70225,242.155172413793,12,656.138008779288,6943777.03806034
1995-01-31,73,60888,699.862068965517,391,1006.72566379782,1151,16.4428571428571,11,16.0818880158148,2279,11.6871794871795,7,13.0265228938782,64318,252.227450980392,11,681.065800952983,6911767.80977255
1995-02-28,73,54077,684.518987341772,432,870.546746278091,1291,19.5606060606061,15,17.5474116328208,2416,11.843137254902,7,12.8294958015871,57784,229.301587301587,12,589.58146772868,6827021.25337421
1995-03-31,76,57650,647.752808988764,391,860.24864641381,1839,22.9875,15,25.6995757981048,2272,11.1372549019608,8,9.44367718278926,61761,232.184210526316,13,591.283445657193,6881207.68628534
1995-04-30,78,57631,533.62037037037,312.5,719.486079796143,1887,23.2962962962963,15,26.4364542083675,2277,11.1617647058824,8,9.45501711233831,61795,210.904436860068,15,509.368583493436,6871227.12594505
1995-05-31,81,60866,533.912280701754,320,711.41513665511,1920,17.7777777777778,10,23.7354316689397,2289,9.1195219123506,7,6.90403196476653,65075,197.796352583587,14,491.570006414313,6710423.59742401
1995-06-30,81,62477,520.641666666667,263.5,800.68313055804,1845,17.4056603773585,10,23.5496550583925,2275,9.21052631578947,7,6.897346205695,66597,206.1826625387,14,549.630729290554,6784748.88852136
1995-07-31,81,63237,522.619834710744,198,1018.14381970491,1766,18.2061855670103,11,23.5398324407844,2288,9.18875502008032,7,6.9160077619339,67291,208.331269349845,14,672.527109417292,6826224.40271641
1995-08-31,82,64926,523.596774193548,178.5,1102.0326446654,1724,17.24,10,22.8500248657116,2240,8.85375494071146,7,7.01969704180709,68890,211.969230769231,14,726.267546041435,6809074.05736738
1995-09-30,81,58545,475.975609756098,167,1002.11436688547,1735,16.5238095238095,10,21.524179265196,2218,8.73228346456693,7,6.88177844797966,62498,189.387878787879,13,652.851725071335,6727115.36722273
1995-10-31,81,56206,480.393162393162,214,902.536969891987,1669,16.3627450980392,10.5,21.2303673854345,2194,8.53696498054475,7,6.53174305336448,60069,182.027272727273,13,584.080345772538,6740671.42240758
1995-11-30,78,49833,415.275,150.5,802.936030003207,1268,12.8080808080808,10,15.0987746277209,2107,8.23046875,7,6.16358768192236,53208,161.726443768997,12,523.763140530014,6723626.85420517
1995-12-31,75,27996,239.282051282051,56,346.266561813639,1098,11.8064516129032,8,14.9202649356622,2007,8.028,7,5.93363701221865,31101,96.5869565217391,10,238.943664844927,6689117.10019099
1996-01-31,70,26249,228.252173913043,39,346.003545349402,1151,11.51,7,15.2186057047273,1750,6.34057971014493,5,5.633014857959,29150,79.4277929155313,7,221.357744204788,6680850.14270027
1996-02-29,70,23388,220.641509433962,36,332.605133788494,1345,13.1862745098039,8,16.6136830116331,1646,6.45490196078431,5,5.67742850066069,26379,72.4697802197802,7,206.04729904169,6618919.61873901
1996-03-31,70,22018,226.989690721649,45,298.063174750944,1949,20.5157894736842,10,25.8406998612056,1491,6.2125,5,5.27414253674547,25458,75.0973451327434,8,189.773563197798,6778086.83429558
1996-04-30,68,22048,272.197530864198,50,334.217871296296,2198,22.4285714285714,13.5,26.3841564454922,1412,6.13913043478261,5,5.56484121568965,25658,78.4648318042813,7,205.175544662375,6852319.41783823
1996-05-31,68,22772,288.253164556962,73,345.411663290765,2592,28.8,17.5,31.2612047328364,1389,6.25675675675676,5,5.56425439662303,26753,85.4728434504792,8,215.266308080883,6881046.06524633
1996-06-30,69,22373,279.6625,71.5,340.705334795667,2633,28.3118279569892,17,31.8433593154337,1393,6.24663677130045,5,5.49833511966953,26399,83.8063492063492,8,211.577297519846,6849878.43987651
1996-07-31,70,20869,264.164556962025,47,338.42900366629,2702,29.0537634408602,17,34.2266631353133,1476,6.58928571428571,5,6.97728996618754,25047,79.2626582278481,8,206.535005675598,6849910.08862373
1996-08-31,70,21552,266.074074074074,47,341.803883015457,2763,29.7096774193548,18,34.0755492619489,1321,6.03196347031963,5,5.1074582341257,25636,82.4308681672026,8,211.574254971306,6828523.28610322
1996-09-30,70,21489,272.012658227848,50,343.523428591939,2706,29.0967741935484,18,33.7413642787915,1315,6.03211009174312,5,5.07218639145559,25510,82.5566343042071,8,211.927902611993,6828011.73926893
1996-10-31,70,21696,278.153846153846,50,348.793991850847,2767,29.1263157894737,17,33.9474694652003,1307,5.94090909090909,5,5.05143942512136,25770,82.8617363344052,8,213.778624226863,6822459.30406785
1996-11-30,70,21565,276.474358974359,50.5,347.610870825148,2775,29.2105263157895,19,33.617970984643,1334,5.92888888888889,5,5.06249436605605,25674,81.7643312101911,7,211.987284570371,6839333.31066274
1996-12-31,68,20813,273.855263157895,50.5,342.098999470324,2748,29.5483870967742,20,33.7173404390576,1359,6.04,5,5.17835467526676,24920,80.128617363344,8,207.587423132811,6825852.37542604
1997-01-31,69,20827,274.039473684211,56.5,339.400429808782,2759,28.4432989690722,16,33.7580141942142,1384,6.07017543859649,5,5.52083645939422,24970,79.0189873417721,7.5,205.307975290054,6822121.98223259
1997-02-28,70,20082,267.76,60,318.70336288391,2619,26.7244897959184,15.5,33.1297918105006,1497,6.26359832635983,5,5.79930208255296,24198,74.6851851851852,8,191.437287251257,6847188.91893364
1997-03-31,70,19676,258.894736842105,52,323.384253541505,2636,26.8979591836735,15,33.0898463873204,1545,6.4375,5,6.27042687048301,23857,73.180981595092,7,192.320040334101,6840924.04856288
1997-04-30,70,19658,265.648648648649,52,324.006613852351,2778,27.78,17,32.4639909295008,1459,6.05394190871369,5,5.54838518369186,23895,72.8506097560976,7,191.305859143797,6843764.60190091
1997-05-31,68,18943,255.986486486486,50.5,309.945443420411,2785,29.3157894736842,20,32.0074004600581,1286,5.71555555555556,5,4.89888633278905,23014,73.7628205128205,8,187.696498953364,6786881.49570353
1997-06-30,69,18227,256.718309859155,51,308.092434325368,2929,29.8877551020408,18.5,36.0872032758055,1287,5.82352941176471,5,5.07136239856117,22443,72.631067961165,8,184.243221709602,6792046.87698673
1997-07-31,69,16333,230.042253521127,46,284.973955532768,2957,31.7956989247312,20,36.9484244353693,1248,5.64705882352941,5,4.82063301588047,20538,66.8990228013029,8,168.783593796878,6814413.48539577
1997-08-31,68,14996,238.031746031746,51,285.250369271422,3039,33.3956043956044,21,38.4343246824673,1177,5.39908256880734,4.5,4.67874880696548,19212,63.4059405940594,7,162.823484130699,6774965.42592904
1997-09-30,68,14691,267.109090909091,150,284.663457744552,2976,32,20,36.9473773853054,1151,5.48095238095238,5,4.6155674844447,18818,63.5743243243243,7.5,161.289700038549,6754280.79732939
1997-10-31,70,14181,267.566037735849,150,277.161540610551,3016,31.0927835051546,21,35.0372071501101,1129,5.45410628019324,5,4.51605228072505,18326,61.7037037037037,7,156.122915084925,6751228.86433838
1997-11-30,70,12693,244.096153846154,140.5,262.902446651805,3022,30.5252525252525,20,38.1017283432353,1127,5.34123222748815,4,4.45690009697155,16842,55.953488372093,7,143.718049769183,6739027.01301827
1997-12-31,70,10672,217.795918367347,129,227.246560259248,3137,29.5943396226415,19.5,36.3028998715469,1079,5.06572769953052,4,4.08464670893622,14888,49.2980132450331,7.5,122.207290521085,6746420.09062119
1998-01-31,70,9359,207.977777777778,104,234.836837834358,2901,27.1121495327103,19,30.1491034012947,941,4.85051546391753,4,4.05190734109208,13201,44.1505016722408,7,116.795413216467,6759152.00433612
1998-02-28,70,9474,201.574468085106,104,230.927124273556,3011,27.8796296296296,18.5,36.0546619258941,930,4.81865284974093,4,4.02767305761867,13415,44.7166666666667,7,116.507179170282,6787588.441705
1998-03-31,70,9432,196.5,78,230.630587921694,2907,27.6857142857143,18,36.2048961536213,909,4.70984455958549,4,3.9129534450607,13248,45.0612244897959,7,117.519309254447,6758294.63033163
1998-04-30,74,10758,185.48275862069,125,214.540736848961,2875,26.3761467889908,15,34.3494538721009,912,4.75,4,4.05072548605195,14545,47.6885245901639,7,117.62204481768,6665225.30524328
1998-05-31,74,10748,179.133333333333,125,210.739253031706,2919,26.5363636363636,15,35.2624959366615,909,4.734375,4,4.10302731104525,14576,47.6339869281046,7,116.487852128711,6633242.18374412
1998-06-30,75,10796,168.6875,116,204.515445529959,2975,25.6465517241379,13.5,35.5587093985841,923,4.75773195876289,4,4.110906384974,14694,46.647619047619,7,113.703434308786,6602597.21414825
1998-07-31,75,10803,168.796875,107,203.77806007482,2993,25.364406779661,13.5,34.7768626429428,920,4.64646464646465,4,3.96382917802356,14716,46.1316614420063,7,112.744304548998,6604208.10383919
1998-08-31,76,10844,169.4375,111.5,202.815803131807,2956,24.6333333333333,12,33.8411845287384,920,4.6,4,3.90978671551327,14720,45.7142857142857,7,111.982666024643,6618928.14178478
1998-09-30,76,10856,169.625,104.5,202.395299211363,2905,24.2083333333333,11,33.7359733275704,922,4.47572815533981,3,3.92203197756687,14683,45.1784615384615,7,111.40554944994,6616724.66185446
1998-10-31,77,10590,168.095238095238,107,202.745169329964,2788,26.3018867924528,15,35.4500775232736,911,4.42233009708738,3,3.87377504261002,14289,45.7980769230769,6,112.446318437074,6573133.96976827
1998-11-30,77,10829,171.888888888889,107,204.912263767433,2727,25.9714285714286,15,35.0939555235045,920,4.48780487804878,3,3.90023849961738,14476,46.3974358974359,6,114.000038330629,6606779.32658237
1998-12-31,77,10829,171.888888888889,107,204.912263767433,2727,25.9714285714286,15,35.0939555235045,920,4.48780487804878,3,3.90023849961738,14476,46.3974358974359,6,114.000038330629,6606779.32658237
1999-01-31,76,10704,184.551724137931,125,208.098928263323,2479,26.0947368421053,11,38.2383548353629,847,4.25628140703518,3,4.10956610568267,14030,47.0805369127517,6,116.31517132856,6550758.94357584
1999-02-28,78,10399,179.293103448276,119,210.392782931112,2525,25.25,9.5,37.7948676436632,787,4.14210526315789,3,3.98884897925921,13711,46.010067114094,6,115.865313800477,6557906.71451577
1999-03-31,74,9288,182.117647058824,118,220.982863322822,2357,30.2179487179487,16.5,40.649163322933,752,4.7,4,4.07137576611774,12397,46.6052631578947,6,119.331590538702,6599255.54984812
1999-04-30,73,9167,199.282608695652,125,234.0577956207,2213,29.1184210526316,19.5,34.9605366492996,778,4.89308176100629,4,4.35830531890166,12158,46.5823754789272,6,122.474290534902,6649598.11977241
1999-05-31,73,9323,207.177777777778,126,230.918353230283,2293,29.7792207792208,20,38.5990262273625,779,4.83850931677019,4,4.2454396431907,12395,47.3091603053435,6,122.104721684011,6614909.34465878
1999-06-30,72,9246,196.723404255319,109,227.713368850791,2211,27.9873417721519,18,35.5453822132972,735,4.83552631578947,4,4.25268762537739,12192,46.0075471698113,6,120.177803642266,6606388.28183811
1999-07-31,74,9265,134.275362318841,15,208.382840835435,2395,23.95,11,30.3622489551772,832,5.07317073170732,4,4.23331945000184,12492,41.364238410596,6,113.074989579283,6671036.54430662
1999-08-31,79,9220,111.084337349398,5,197.495180850082,3274,23.2198581560284,10,29.5772818703288,850,5.21472392638037,5,4.24808211088766,13344,39.1319648093842,7,107.402501087971,6781929.48280586
1999-09-30,82,9226,219.666666666667,126,230.381832221827,3923,27.822695035461,12,47.1246498566671,1098,4.63291139240506,3,4.51131500762778,14247,38.7146739130435,6.5,105.684830935246,6742371.03243261
1999-10-31,83,9179,218.547619047619,126,233.945397254641,4238,28.4429530201342,13,47.7130191522833,1181,4.92083333333333,4,4.65886289632463,14598,39.0320855614973,7,105.897613749242,6697340.65366337
1999-11-30,83,9116,217.047619047619,126,234.753836029953,4238,28.4429530201342,13,47.7130191522833,1181,4.92083333333333,4,4.65886289632463,14535,38.8636363636364,7,105.808974079974,6697340.65366337
1999-12-31,82,12468,319.692307692308,234,351.097538842665,4427,30.7430555555556,15,49.7305672807663,1272,5.04761904761905,4,4.93440178762405,18167,47.5575916230367,6,148.328837995385,6641048.64227461
2000-01-31,83,12709,325.871794871795,185,384.149311670892,4612,28.6459627329193,14,45.6484405453637,1319,5.11240310077519,4,5.11492068930586,18640,47.1898734177215,7,154.819845849186,6670476.56510835
2000-02-28,83,19349,345.517857142857,189,407.70367987598,5259,31.6807228915663,15,51.2840029587615,2132,8.23166023166023,4,49.0962549443288,26740,67.3551637279597,7,200.936198489521,6721951.63469396
2000-03-31,82,22207,396.553571428571,238,540.024845207661,5826,36.873417721519,17,59.7731096664729,1384,5.36434108527132,4,5.15282097117969,29417,76.8067885117493,7,252.636328353737,6783220.72095222
2000-04-30,85,23930,398.833333333333,212.5,530.80939688292,6104,36.9939393939394,15,66.259881634852,1404,5.42084942084942,4,5.20849314351812,31438,81.4455958549223,8.5,258.50018642769,6766428.21402073
2000-05-31,87,27487,436.301587301587,189,648.194455961616,6619,38.9352941176471,14,76.5954672997021,1481,5.74031007751938,4,5.54416325580152,35587,91.4832904884319,9,311.121115166661,6742408.74474807
2000-06-30,89,28165,447.063492063492,236,635.540584552564,6965,40.0287356321839,14,77.4765620468553,1506,5.72623574144487,4,5.69929986773654,36636,91.8195488721804,9,305.665658839468,6736718.45398998
2000-07-31,89,28899,444.6,238,628.811398592615,7056,42.251497005988,15,80.6944794817453,1511,5.72348484848485,4,5.65242112866152,37466,93.665,9,307.004351687215,6712680.0341775
2000-08-31,89,28741,442.169230769231,238,618.819227673528,7201,42.8630952380952,16,79.0264812431094,1500,5.51470588235294,4,5.26421504697301,37442,91.5452322738386,8,299.95557437892,6691041.11034572
2000-09-30,88,28906,444.707692307692,235,624.40378369782,7367,44.6484848484848,18,80.7247510975629,1530,5.50359712230216,4,5.23577543585675,37803,91.5326876513317,8,301.039988670008,6766587.52330944
2000-10-31,89,28931,407.478873239437,158,610.280798582679,7530,44.8214285714286,18,80.7946551730607,1523,5.32517482517482,4,4.83000807861688,37984,90.0094786729858,8,297.964025479608,6729477.29434858
2000-11-30,88,29197,347.583333333333,78.5,576.774207942581,7809,46.207100591716,18,83.2645579820619,1515,5.2972027972028,4,4.74165481597055,38521,89.7925407925408,8,295.659331841527,6730934.03371818
2000-12-31,89,28537,303.585106382979,72,481.51868641538,7728,46.8363636363636,18,83.4615649024419,1481,5.12456747404844,4,4.56036501452942,37746,87.5777262180975,8,262.647562715513,6688323.27960302
2001-01-31,89,29717,270.154545454545,37,459.58443906482,7921,45.2628571428571,18,81.3491802645906,1464,5.11888111888112,4,4.57681343293047,39102,88.4660633484163,8,263.786203159323,6704211.11476154
2001-02-28,89,29717,270.154545454545,37,459.58443906482,7921,45.2628571428571,18,81.3491802645906,1464,5.11888111888112,4,4.57681343293047,39102,88.4660633484163,8,263.786203159323,6704211.11476154
2001-03-31,90,32528,301.185185185185,36,583.221317831287,7550,45.2095808383234,18,78.9889295533996,1576,5.36054421768707,4,4.60663652181428,41654,94.6681818181818,9,320.844683699434,6688017.6977475
2001-04-30,88,33225,299.324324324324,62,575.316121199501,7781,47.1575757575758,20,81.2999528631513,1648,5.51170568561873,4,4.90538295958659,42654,96.5022624434389,9,321.022934515068,6720029.62325769
2001-05-31,88,34609,314.627272727273,73,575.741290956068,7696,46.3614457831325,19,81.7667900746334,1592,5.70609318996416,5,5.04936054131377,43897,99.7659090909091,9,322.486315115121,6732151.86947932
2001-06-30,88,33492,296.389380530973,58,569.304516707327,7697,46.3674698795181,19.5,81.3317405831633,1723,5.76254180602007,5,5.16185690153302,42912,96.4314606741573,9,319.434132136443,6756699.12881326
2001-07-31,87,35451,295.425,32,588.802782786229,7645,46.6158536585366,20,81.5130987546906,1732,5.77333333333333,5,5.17731954597738,44828,100.511210762332,9,336.742783324643,6752746.95974865
2001-08-31,87,37774,320.118644067797,34,681.26482632017,7628,45.4047619047619,19.5,78.7138559271049,1761,5.83112582781457,5,5.31355297705111,47163,105.7466367713,9,381.396795264593,6756449.192437
2001-09-30,87,37616,313.466666666667,32,671.698485946194,7588,44.6352941176471,19,78.8162190167132,1776,5.93979933110368,5,5.29939732801135,46980,105.810810810811,9,379.577750753467,6731310.04325203
2001-10-31,86,38100,314.876033057851,35,667.037512316561,7667,46.1867469879518,20,82.8629833225389,1831,6.06291390728477,5,5.53028648058556,47598,107.68778280543,10,379.88667875294,6719203.76914909
2001-11-30,86,38294,303.920634920635,18,660.927222658285,7657,44.7777777777778,17,81.9300833765687,1850,6.18729096989967,5,5.72745410771592,47801,107.65990990991,9,381.485109266819,6716651.67587365
2001-12-31,86,37665,311.280991735537,20,672.191480942999,7642,44.1734104046243,16,80.2610130705779,1824,6.12080536912752,5,5.59330137080218,47131,105.912359550562,9,379.950321497899,6685580.92169191
2002-01-31,86,36908,307.566666666667,20,673.274610690586,7554,43.9186046511628,15,81.8892012982767,1800,6.02006688963211,5,5.44092113656343,46262,104.902494331066,9,379.308518009645,6707900.93967007
2002-02-28,86,36770,298.943089430894,16,667.127747257502,7700,44.5086705202312,15,82.4533425850933,1829,6.11705685618729,5,5.46769125725621,46299,104.277027027027,9,378.381282393943,6743384.14135833
2002-03-31,86,37119,301.780487804878,20,666.255089933319,7530,43.5260115606936,16,78.1550015119023,1834,6.19594594594595,5,5.52425626104965,46483,104.92776523702,9,378.564374605641,6753387.5022395
2002-04-30,85,37475,307.172131147541,18.5,673.953461039158,7519,43.9707602339181,16,79.0476719083145,1828,6.13422818791946,5,5.51478907670543,46822,106.172335600907,9,382.456042936174,6773047.16760726
2002-05-31,86,36219,296.877049180328,15.5,669.156883825748,7253,43.4311377245509,18,79.8494425931247,1822,6.09364548494983,5,5.61976913424559,45294,103.175398633257,9,379.165779499103,6791459.10178314
2002-06-30,87,36402,298.377049180328,17.5,673.366800781362,7153,43.0903614457831,15.5,79.4235918152677,1813,6.08389261744966,5,5.46273037778265,45368,103.579908675799,9,381.174784989931,6793793.19073014
2002-07-31,88,36000,295.081967213115,17.5,670.735732593632,6951,39.4943181818182,12,77.3710907369037,1786,6.07482993197279,5,5.39951765684765,44737,101.214932126697,8,377.513155697085,6762168.15116312
2002-08-30,90,35698,302.525423728814,17.5,676.362502206357,6754,38.816091954023,12,74.2307803872035,1808,6.02666666666667,5,5.42007499320771,44260,98.7946428571429,8,372.749674916301,6786897.03585067
2002-09-30,90,35798,295.851239669421,18,671.084727153944,6776,39.1676300578035,12,77.0015153402812,1785,6.07142857142857,5,5.52113531382664,44359,99.6831460674157,8,374.936079608087,6803140.80192382
2002-10-31,88,35055,289.710743801653,12,666.820196130068,6181,37.2349397590361,10,78.8557500583761,1771,6.06506849315068,5,5.36559092502159,43007,98.4141876430206,8,375.308906506142,6797878.55593844
2002-11-30,89,33979,283.158333333333,12,646.598741649782,6181,37.2349397590361,10,78.8557500583761,1766,5.9864406779661,5,5.28569683482057,41926,95.2863636363636,7,361.800980788791,6788765.72094114
2002-12-31,89,32520,258.095238095238,7,602.162163255998,5333,42.664,8,88.6496314785929,1799,6.425,5,5.54952450415549,39652,104.073490813648,7,368.729654005183,6843190.86654829
2003-01-31,89,32023,252.149606299213,7,579.032212262103,5332,41.9842519685039,8,88.1019416981466,1792,6.46931407942238,5,5.60957681684102,39147,102.211488250653,8,355.884098836752,6822192.25104674
2003-02-28,90,31993,249.9453125,8,576.29143311641,5224,41.1338582677165,6,86.3284942755549,1784,6.51094890510949,5,5.57153517663543,39001,102.905013192612,8,356.94238186227,6810583.91668839
2003-03-30,89,30227,239.896825396825,7,550.388035180491,5249,41.0078125,9,85.6334889320366,1629,6.54216867469879,5,6.03478065350765,37105,102.783933518006,8,346.721009950581,6749601.81424321
2003-04-30,89,30167,239.420634920635,7,549.94263487276,5162,39.4045801526718,9,83.8338814034548,1658,6.632,5,6.25885525286415,36987,101.892561983471,8,345.619192966382,6751672.81953664
2003-05-31,89,28424,225.587301587302,7.5,516.623673787275,4854,37.6279069767442,8,81.7265897068774,1669,6.72983870967742,5,6.41572561730567,34947,96.8060941828255,7,326.021890993844,6708379.53159751
2003-06-30,89,29975,245.696721311475,7.5,537.617654074559,4703,36.4573643410853,8,81.2495199747299,1689,6.32584269662921,4,6.20291336031818,36367,96.9786666666667,7,329.617286702935,6636268.1524432
2003-07-31,89,30290,268.053097345133,13,536.989638778533,4671,35.6564885496183,8,79.9449590456186,1717,6.22101449275362,4,6.30944980051698,36678,97.031746031746,7,320.249933972945,6617389.61697963
2003-08-31,89,31059,272.447368421053,25,521.578307480019,4432,33.8320610687023,8,71.7160160925079,1711,6.29044117647059,4,6.42299120665812,37202,98.9414893617021,7,314.908963406954,6647583.08080665
2003-09-30,89,32140,284.424778761062,30,544.367437708827,4429,34.3333333333333,8,69.9861965557019,1701,6.32342007434944,4,6.41850823485791,38270,103.432432432432,7,329.479308399547,6667290.99051703
2003-10-31,92,36407,260.05,11.5,499.692039332889,4473,34.1450381679389,8,72.2018668134328,1717,6.24363636363636,4,6.31377718557108,42597,106.759398496241,7,322.317062376683,6566485.98598296
2003-11-30,92,37282,255.356164383562,14,496.209546110707,4468,29.7866666666667,6,70.082366370312,1781,6.07849829351536,4,6.11678426887438,43531,104.641826923077,7,319.700332699578,6543767.09203894
2003-12-31,94,39335,271.275862068966,30,510.303565465893,4627,33.05,8,70.9649143221367,1853,6.19732441471572,4,6.2351455313478,45815,110.932203389831,7,330.247524489281,6576294.44765182
2004-01-31,94,42082,284.337837837838,32,560.154419356435,4679,31.6148648648649,8,67.1494954822375,1829,6.17905405405405,4,6.0381583608157,48590,116.244019138756,7,361.080855151515,6601248.15739282
2004-02-28,94,42773,292.965753424658,37.5,566.081965728049,4648,31.4054054054054,8,65.1447198812456,1824,6.10033444816054,4,5.87023831495334,49245,117.811004784689,7,363.685326832063,6620738.05828995
2004-03-31,94,45175,282.34375,8,585.26002442257,4656,30.8344370860927,8,65.4775717798165,1866,6.17880794701987,4,6.00452331458696,51697,122.215130023641,7,386.373801224811,6608378.21662931
2004-04-30,96,46706,276.366863905325,15,556.440886211504,4764,29.0487804878049,8,64.1173009468759,1949,6.24679487179487,4,5.8825582276624,53419,121.961187214612,7,372.69415667125,6599167.53398082
2004-05-31,97,48844,245.447236180905,7,529.214298481315,4817,27.683908045977,8,61.6831178102176,1809,6.25951557093426,4,6.26651604766355,55470,122.993348115299,7,374.548679465016,6619197.18727938
2004-06-30,97,48988,267.693989071038,6,549.801746803196,5251,29.6666666666667,9,63.6974084911219,2022,5.89504373177843,4,5.95897808420399,56261,116.24173553719,7,365.467008072587,6465792.45260723
2004-07-31,100,51191,287.589887640449,7.5,569.886256179168,5516,29.1851851851852,9,60.9714145840089,2049,5.99122807017544,4,5.77002408656685,58756,119.422764227642,7,372.903579444072,6466025.34028963
2004-08-31,100,53130,298.483146067416,7.5,600.376014237246,5516,29.1851851851852,9,60.9714145840089,2099,6.01432664756447,4,5.70262300173274,60745,121.733466933868,7,388.931621660562,6433774.60023948
2004-09-30,102,54200,294.565217391304,7,579.883449837621,5969,27.6342592592593,8,57.2331870907521,2138,5.92243767313019,4,5.79603031173723,62307,119.591170825336,7,375.24225487673,6374529.25715221
2004-10-31,103,54186,296.098360655738,12,559.800308928477,6486,28.5726872246696,9,58.3164828420358,2118,5.88333333333333,4,5.82021738100193,62790,118.695652173913,7,361.123981899611,6379551.98030302
2004-11-30,103,55075,294.51871657754,15,543.754098659584,6766,29.5458515283843,9,59.7842894547509,2087,5.78116343490305,4,5.80127186997179,63928,120.391713747646,7,355.557156521775,6380878.02317194
2004-12-31,102,55909,298.978609625668,12,549.984222229404,6768,29.1724137931034,9,60.5505442848865,2046,5.68333333333333,4,5.73410361693034,64723,121.204119850187,7,359.990693935733,6384844.29493689
2005-01-31,103,56197,298.920212765957,11.5,566.84706273424,6765,29.1594827586207,8.5,60.5551910664913,2088,5.76795580110497,4,5.81108604457305,65050,121.361940298507,7,369.510091887482,6386197.30751735
2005-02-28,103,58207,316.342391304348,13,633.179492802575,6627,29.1938325991189,9,59.4375358654736,2096,5.74246575342466,4,5.77551476722498,66930,124.405204460967,7,404.116111754029,6363068.28483513
2005-03-31,103,58571,282.951690821256,6,606.711202378683,6466,27.2827004219409,8,53.9135395038145,2106,5.73841961852861,4,5.69941236626259,67143,120.760791366906,7,399.18367870292,6362007.20362824
2005-04-30,103,58359,272.705607476636,6,597.667934454001,6131,25.4398340248963,7,52.1838647473751,2008,5.68838526912181,4,5.6658171549181,66498,121.346715328467,7,400.839895468332,6373366.243225
2005-05-31,105,57994,285.684729064039,7,609.914666254369,5878,26.0088495575221,8,51.0647511521025,2016,5.47826086956522,4,5.54491840588723,65888,121.789279112754,7,403.077563480214,6334677.28489205
2005-06-30,105,58838,294.19,8,614.000903457997,5873,26.1022222222222,8,51.1595302918483,2073,5.58760107816712,4,5.50869164948265,66784,122.315018315018,7,402.37851506848,6344902.0386696
2005-07-31,106,59324,298.110552763819,8,619.183445540585,5991,24.2550607287449,7,48.4937734320942,2004,5.46049046321526,4,5.39053438547371,67319,121.077338129496,7,401.584141665063,6407440.39859658
2005-08-31,106,59672,299.859296482412,8,620.618028805392,5950,25.6465517241379,8,49.7209972126012,2003,5.56388888888889,4,5.53150776454122,67625,125,7,407.736611606616,6339121.4690475
2005-09-30,107,60214,299.572139303483,9,614.000175911946,6167,24.866935483871,8,48.5239875097881,1987,5.42896174863388,4,5.41374531827418,68368,122.964028776978,7,402.507557492869,6436601.54347194
2005-10-31,107,61106,332.097826086957,31,645.588003419505,6297,25.0876494023904,8,49.0270974753002,2389,6.0176322418136,4,6.57184009683375,69792,121.166666666667,7,404.405663745657,6527759.24894358
2005-11-30,107,60632,331.322404371585,31,645.321982748428,6963,27.852,8,53.2902005805162,2360,6.17801047120419,4,6.78849870490941,69955,125.818345323741,7,415.208469625113,6526842.31135881
2005-12-31,108,60070,347.225433526012,30,660.170310161811,7241,29.798353909465,10,55.4273822945211,2419,6.52021563342318,4,6.94585203512982,69730,129.851024208566,8,422.602142739941,6609651.11562272
2006-01-31,107,61748,359,47,668.356603698656,7371,28.6809338521401,9,54.3105881631245,2692,6.69651741293532,4,7.02772832410671,71811,123.812068965517,8,412.998008408128,6653550.42337328
2006-02-28,107,62808,363.052023121387,51,686.220151347269,7522,28.7099236641221,9,53.9875093471758,2704,6.72636815920398,4,7.02895693930789,73034,125.920689655172,8,423.802163151336,6667009.59360948
2006-03-31,108,61591,353.971264367816,38,684.777221510855,7501,28.85,9,54.0330640230776,2731,6.81047381546135,4,7.13295100396306,71823,122.564846416382,7,420.631166033897,6674762.59621928
2006-04-30,109,62656,358.034285714286,36,682.33153280265,7482,29,9,53.8609681592392,2698,6.81313131313131,4,7.48266718120875,72836,126.891986062718,7,425.481034215013,6645991.3342385
2006-05-31,108,63099,360.565714285714,42,684.468662936348,7398,29.1259842519685,9,54.1048597067683,2679,6.86923076923077,4,7.47546643216898,73176,129.286219081272,7,429.960820673436,6594696.81230724
2006-06-30,108,62945,359.685714285714,42,681.789243880107,7265,29.8971193415638,10,54.0501920082651,2589,6.904,4,7.40475060692811,72799,134.068139963168,7,435.695267586288,6480623.76864549
2006-07-31,108,63026,352.100558659218,30,685.682282167432,7246,29.8189300411523,10,54.4714662177209,2618,7.01876675603217,4,7.6616747363317,72890,133.254113345521,8,439.902165443205,6472567.24402358
2006-08-31,108,64036,374.479532163743,53,710.003490788281,8046,31.9285714285714,10,59.3655940936708,2623,7.0510752688172,4,7.76994513225163,74705,137.325367647059,8,450.281261416597,6576713.4075989
2006-09-30,110,66309,394.696428571429,100.5,704.646722195556,7947,31.2874015748031,9,58.5860409012114,2696,7.09473684210526,4,7.58984696653497,76952,138.902527075812,8,444.948599620937,6625841.83055199
2006-10-31,112,69732,393.966101694915,105,698.399224023841,8476,32.8527131782946,10,59.1901375704275,2640,7.09677419354839,4,7.72200903446693,80848,144.62969588551,8,449.541495501256,6633440.07899696
2006-11-30,113,70760,395.307262569832,123,698.966950805076,8482,31.8872180451128,10,58.4019454490304,2678,6.7286432160804,4,7.26862992771244,81920,138.378378378378,8,440.430052954213,6684230.54556993
2006-12-31,114,69146,397.390804597701,105,703.403137295089,8695,32.811320754717,10,59.2435447844555,2527,6.84823848238482,5,7.22757050614053,80368,140.01393728223,8,443.94289188355,6786591.12177091
2007-01-31,114,70252,394.674157303371,105,699.720319838611,9208,32.6524822695035,10,58.5105137999414,2532,6.82479784366577,4,7.27446698332289,81992,138.969491525424,8,440.191765301362,6790467.14449407
2007-02-28,114,70715,370.235602094241,66,683.21272173963,9444,32.6782006920415,10,58.5348623763473,2592,6.78534031413613,4,7.23334323434362,82751,136.103618421053,8,435.31923273107,6734094.85115165
2007-03-31,115,70839,387.098360655738,84,694.852186943809,9596,33.3194444444444,10,58.9222783157631,2636,6.62311557788945,4,7.12349985739778,83071,133.340288924559,8,431.365035654404,6709601.92063275
2007-04-30,115,71033,390.291208791209,89.5,696.385457045282,9565,33.2118055555556,10,59.6544661406547,2679,6.53414634146341,4,7.14023380261724,83277,131.767405063291,8,428.944173864692,6697358.85904146
2007-05-31,117,71064,388.327868852459,68,707.049286902384,9551,33.5122807017544,10,60.0815527633577,2709,6.49640287769784,4,7.14449838840452,83324,131.012578616352,7,433.294894942534,6652914.06576148
2007-06-30,117,71195,391.181318681319,72.5,706.876301104688,9698,34.0280701754386,11,60.9886209497081,2723,6.51435406698565,4,7.16747480953503,83616,131.471698113208,7,432.939610435862,6623107.32613098
2007-07-31,117,71428,390.31693989071,77,703.778770877495,9602,34.1708185053381,10,61.4141037987129,2753,6.52369668246445,4,7.13148700953471,83783,131.32131661442,7,431.801456516118,6639547.71302868
2007-08-31,119,71292,391.714285714286,80,705.693026179305,9380,32.6829268292683,10,59.2058795730551,2656,6.24941176470588,4,6.57029520906749,83328,129.592534992224,7,430.149244628498,6643591.37707823
2007-09-30,119,71186,395.477777777778,89.5,708.595427553933,9537,32.5494880546075,10,58.885264931958,2723,6.34731934731935,4,6.97881463993851,83446,128.774691358025,7,428.897578780024,6667524.85371343
2007-10-31,119,70580,389.944751381215,77,707.254651009858,9414,32.2397260273973,10,57.6015827381965,2707,6.31002331002331,4,6.98325214448641,82701,127.625,7,428.1910259165,6624448.95728133
2007-11-30,119,70619,392.327777777778,80.5,708.665563427722,9658,30.8562300319489,9,56.8779206167956,2729,6.30254041570439,4,6.99062984060706,83006,123.889552238806,7,421.66808372863,6584744.32317373
2007-12-31,119,70508,383.195652173913,66.5,702.626753656357,11077,33.7713414634146,9,61.4507050048702,2724,6.29099307159353,4,7.01508541053361,84309,122.542151162791,7,416.374874441769,6454885.24754273
2008-01-31,119,76752,372.582524271845,18.5,710.980724575216,11254,33.5940298507463,9,60.9044305847235,2877,6.32307692307692,4,6.95192866027795,90883,128.912056737589,7,437.539729604375,6437478.97591461
2008-02-28,118,76351,372.443902439024,20,710.934894722235,11418,34.0835820895522,10,61.8407182222522,2921,6.36383442265795,4,7.07203108682706,90690,129.00426742532,7,437.322322060144,6458091.21750811
2008-03-31,118,74788,364.819512195122,20,704.272230126399,11370,33.1486880466472,10,61.1504571693167,2704,5.94285714285714,3,6.89290548345006,88862,124.631136044881,7,429.810560551703,6457206.57347153
2008-04-30,117,74657,365.96568627451,24,704.50258719787,11266,33.933734939759,10.5,61.8995029524987,2731,5.97592997811816,4,6.88099582720652,88654,125.217514124294,7,430.319371714799,6383984.05598969
2008-05-31,117,74348,360.912621359223,18,703.516964370439,11368,33.5339233038348,11,60.4023579980278,2702,5.84848484848485,3,6.77231091255409,88418,122.973574408901,7,427.475250546699,6421759.75453588
2008-06-30,119,74254,363.990196078431,20.5,703.394044735538,11583,33.8684210526316,10,60.8640877830584,2680,5.8008658008658,3,6.65539750515195,88517,123.111265646732,7,426.088151619947,6410953.29616871
2008-07-31,119,74535,363.585365853659,16,702.718620493803,11517,34.4820359281437,11,61.4430909873257,2582,5.75055679287305,3,6.59817046490408,88634,125.543909348442,7,429.878803865109,6382277.94275241
2008-08-31,119,74517,396.367021276596,56,724.685569564804,11519,35.0121580547112,11,62.067821662093,2540,6.25615763546798,4,6.93058343007734,88576,134.206060606061,7,443.580760072801,6393211.88471167
2008-09-30,117,74656,417.072625698324,84,737.77772167909,11529,34.3125,10,61.9149196568921,2569,6.48737373737374,4,7.22459527466775,88754,135.709480122324,8,445.847079589624,6364530.73678456
2008-10-31,119,75512,363.038461538462,11.5,700.842590513601,12125,35.6617647058824,10.5,63.884392795849,2606,6.54773869346734,4,7.29593809991172,90243,136.318731117825,8,446.054662680984,6404269.52114909
2008-11-30,120,75561,387.492307692308,44,713.82239098277,11675,34.1374269005848,10,64.5463424627961,2609,6.63867684478372,4,7.32006818580224,89845,135.308734939759,8,444.239560250898,6416105.61794684
2008-12-31,120,77551,397.697435897436,44,730.975986280784,11511,34.3611940298507,10,69.1307295710461,2630,6.70918367346939,4,7.52571838322223,91692,139.561643835616,8,460.119333926962,6419022.25908478
2009-01-31,120,78027,384.369458128079,20,724.339860916187,10785,34.0220820189274,10,70.0404685332725,2570,6.57289002557545,4,7.45545276863253,91382,142.339563862928,7,467.672959279233,6427763.33274579
2009-02-28,120,77439,374.101449275362,14,710.353149112609,10629,34.6221498371335,10,70.1920840131435,2537,6.4719387755102,4,7.2517201992289,90605,141.129283489097,7,462.053984914937,6449149.13103551
2009-03-31,118,79370,369.162790697674,23,699.092319730516,10328,35.1292517006803,10,70.2408117328184,2498,6.43814432989691,4,7.13102104519919,92196,145.879746835443,8,464.221084517105,6471908.74727975
2009-04-30,117,79880,366.422018348624,21.5,699.61630423648,10298,35.3883161512028,11,68.4677905717394,2457,6.3984375,4,7.00317702288312,92635,146.806656101426,8,466.885129837696,6447170.69726434
2009-05-31,117,80444,369.009174311927,26,696.97965901218,10939,37.4623287671233,12,74.6289926805266,2430,6.37795275590551,4,6.8020072121067,93813,148.438291139241,8,467.217402053756,6452662.79533608
2009-06-30,118,79944,360.108108108108,18,694.166336180963,10993,38.3031358885017,13,75.6215879927908,2279,6.40168539325843,4,7.10277846621872,93216,152.313725490196,8,475.799714022272,6454514.08348252
2009-07-31,118,78926,357.131221719457,23,681.806028116002,11482,37.7697368421053,12.5,75.5298092438937,2302,6.59598853868195,4,7.12854759109378,92710,151.239804241436,9,466.890516600482,6444359.34530701
2009-08-31,116,80906,369.433789954338,30,695.285044146981,12212,40.3036303630363,13,80.600233061439,2301,6.51841359773371,4,7.05460244507062,95419,156.939144736842,9,478.230663962963,6487283.30746678
2009-09-30,116,81595,367.545045045045,27,693.028859589704,12222,40.072131147541,12,80.5909998304212,2258,6.50720461095101,4,7.11400393518343,96075,158.2784184514,9,479.79364367097,6536467.16404728
2009-10-31,116,82656,372.324324324324,48.5,696.825778678566,12645,41.4590163934426,12,85.1875588910658,2269,6.53890489913545,4,7.15764371404252,97570,161.006600660066,9,484.853679851406,6549802.80391535
2009-11-30,115,83063,367.535398230089,48.5,688.419833844352,12700,41.6393442622951,11,87.9039234774335,2350,6.71428571428571,4,7.34016476853948,98113,160.315359477124,9,482.478883022243,6552062.46114837
2009-12-31,115,83086,362.82096069869,31,688.302895315044,12794,43.9656357388316,13,89.1661304253217,2314,6.63037249283668,4,7.2894424623955,98194,162.842454394693,9,487.440406159314,6548365.67615041
2010-01-31,115,84631,369.56768558952,31,695.167650487659,12867,44.0650684931507,13,89.4338390046062,2348,6.68945868945869,4,7.33312465015543,99846,165.034710743802,9,492.059296672846,6538864.60754496
2010-02-28,115,85266,369.116883116883,22,696.665554606075,12933,44.90625,14,90.0355808248047,2348,6.70857142857143,4,7.34501259275435,100547,167.021594684385,9,495.925294813029,6524156.09389983
2010-03-31,115,86458,377.545851528384,31,705.187211576382,13054,45.1695501730104,13,91.4214274824122,2314,6.6878612716763,4,7.33352220125847,101826,170.277591973244,9,501.892972634058,6565881.8835413
2010-04-30,115,86360,382.12389380531,44.5,705.782398102271,13221,45.122866894198,14,92.8099689229492,2304,6.62068965517241,4,7.30361148565418,101885,170.091819699499,9,500.727467363003,6559495.29503957
2010-05-31,116,86122,381.070796460177,35.5,701.839224600483,13437,46.3344827586207,13,93.294943902068,2329,6.67335243553009,4,7.36658387461611,101888,170.953020134228,10,499.915113272502,6544309.58468188
2010-06-30,117,84784,378.5,38,699.166351767551,13512,46.4329896907216,13,92.4196098630471,2349,6.82848837209302,4,7.2056183161231,100645,169.721753794266,10,495.421205399084,6525657.70532614
2010-07-31,116,83899,381.359090909091,35.5,707.330774675344,13648,47.0620689655172,13.5,94.5714589080407,2332,6.70114942528736,4,7.22406312349151,99879,168.146464646465,9.5,496.421739487753,6508026.90129865
2010-08-31,116,83631,373.352678571429,25,701.83292103683,13970,47.679180887372,14,97.201982951675,2321,6.65042979942693,4,7.4847262934796,99922,167.936134453782,10,495.634911614683,6491455.58281412
2010-09-30,116,83664,382.027397260274,40,706.420067079463,13975,48.0240549828179,14,97.640523519467,2306,6.58857142857143,4,7.36808619849196,99945,168.257575757576,9,495.36363666608,6494951.94234242
2010-10-31,116,83116,384.796296296296,31,706.374296449052,14037,47.4222972972973,13,97.4170522927911,2353,6.7037037037037,4,7.35297513842141,99506,165.292358803987,9,492.504456671898,6491489.75135664
2010-11-30,118,82958,378.803652968037,31,699.117978247971,13931,46.9057239057239,13,94.1753568549004,2341,6.63172804532578,4,7.45443062385254,99230,164.288079470199,9,489.12922911681,6529175.91908725
2010-12-31,115,82014,412.130653266332,77,722.054394419199,14322,52.2700729927007,15,101.40399047495,2302,6.77058823529412,4,7.39849818977933,98638,175.512455516014,10,505.454886658621,6700430.81685552
2011-01-31,115,82189,413.010050251256,77,722.224964182478,14377,52.8566176470588,15.5,101.862062293294,2264,7.05295950155763,4,7.8537609797141,98830,183.358070500928,12,515.01786862637,6705223.19896809
2011-02-28,114,82360,413.869346733668,77,723.256337903967,14526,53.4044117647059,15,104.544831653616,2226,6.91304347826087,4,7.76154856914844,99112,183.540740740741,11,515.634803573442,6706403.03941259
2011-03-31,114,82290,419.84693877551,76,727.690852252603,14703,54.4555555555556,15,106.13785954712,2228,6.89783281733746,4,7.79425423087042,99221,184.425650557621,11,515.963100332833,6695076.77249963
2011-04-30,115,82482,418.690355329949,77,722.395448659002,14669,54.3296296296296,14.5,107.326338729095,2214,6.98422712933754,4,7.74002443648358,99365,185.382462686567,11,515.768680663677,6708582.52935877
2011-05-31,114,82428,410.089552238806,70,716.086113494947,14349,52.9483394833948,14,103.789482032457,2215,6.9435736677116,4,7.65797654728723,98992,183.658627087199,11,512.385853073718,6686677.71309703
2011-06-30,115,83399,414.92039800995,77,716.923429406405,14206,53.406015037594,15,105.736414005307,2209,6.92476489028213,4,7.6314877250363,99814,186.917602996255,11,516.056493654182,6694455.57556985
2011-07-31,114,83362,458.032967032967,141.5,741.084995990919,13627,60.5644444444444,15,113.112406867247,1830,6.95817490494297,4,8.32143831243206,98819,205.872916666667,11,540.084918027166,6682001.07308083
2011-08-31,114,83177,426.548717948718,78,725.74201021977,14062,54.9296875,14,106.584344477719,2179,6.48511904761905,3,8.49511283476197,99418,180.105072463768,9,509.216817793887,6684544.70795525
2011-09-30,114,83034,425.815384615385,79,722.26612650328,14310,55.4651162790698,14,107.841073909577,2134,6.50609756097561,3.5,10.266776053601,99478,181.529197080292,9,509.055806864495,6651273.24977682
2011-10-31,114,83028,403.04854368932,48.5,719.655369805959,14239,55.4046692607004,14,107.332971882422,2027,6.27554179566563,3,8.10077765996753,99294,179.880434782609,9,512.797986688616,6634786.42238533
2011-11-30,115,82356,409.731343283582,70,718.672385348628,14306,55.2355212355212,15,107.85301929993,1986,6.40645161290323,4,8.42918091679564,98648,182.681481481481,10,513.497095960584,6714158.95603463
2011-12-31,114,82730,415.72864321608,77,738.848849876144,14302,55.4341085271318,14,108.391769969228,1984,6.44155844155844,3,8.43908003460387,99016,186.12030075188,10,526.569543896013,6726791.80067989
2012-01-31,115,82537,414.758793969849,82,739.804691746309,14494,56.6171875,14.5,111.231052308018,1996,6.54426229508197,3,8.86218542219078,99027,187.196597353497,10,528.119060041681,6703623.02240019
2012-02-28,118,82411,396.206730769231,58,727.538660793808,14476,55.8918918918919,14,109.708475094895,2039,6.68524590163934,3,8.99228170625944,98926,184.908411214953,10,525.158311269479,6717790.50513028
2012-03-31,117,82506,394.765550239234,61,725.08263956057,14426,54.6439393939394,14,109.370937713642,2057,6.63548387096774,3,9.04676982483212,98989,181.965073529412,10,522.220824879778,6698152.2541875
2012-04-30,117,82656,393.6,66,720.449668194742,14340,54.1132075471698,14,109.085534339676,2036,6.28395061728395,3,8.73799513374241,99032,178.436036036036,10,515.848123059182,6701809.31213532
2012-05-31,117,82298,372.389140271493,52,703.503061096709,14497,54.9128787878788,14,113.048275232867,2305,6.24661246612466,3,8.62985185927293,99100,164.617940199336,9,495.22785916141,6634438.53747143
2012-06-30,120,81443,370.195454545455,49,702.810758044497,14098,53,14,107.422424839931,2316,6,3,8.3960411202844,97857,159.376221498371,8,488.679413810936,6614223.13196059
2012-07-31,119,81247,369.304545454545,47,701.015488450674,13553,51.532319391635,14,105.81922283279,2139,5.55584415584416,3,7.92297709307026,96939,158.916393442623,7,487.364661414336,6609253.46735541
2012-08-31,115,81215,365.833333333333,38.5,696.99587706063,13493,50.3470149253731,14,102.89598266931,2014,5.92352941176471,3,8.46753504559591,96722,169.985940246046,9,501.499978738997,6628950.86964306
2012-09-30,116,81623,367.671171171171,38.5,693.263731771375,13550,50.5597014925373,13,103.473459022147,2026,6.02976190476191,3,8.77032009507105,97199,172.951957295374,9,502.314155739979,6606056.57935213
2012-10-31,115,81671,369.552036199095,39,693.969178813845,13635,50.6877323420074,14,103.867879796502,2000,6.04229607250755,3,8.63983162276043,97306,174.696588868941,9,506.033847581775,6587447.31779946
2012-11-30,113,80913,364.472972972973,46,690.365872366076,12641,49.37890625,12.5,104.956279340098,2002,6.16,3,8.78756135500067,95556,176.628465804067,8,510.674982383749,6556939.82759575
2012-12-31,115,79741,354.404444444444,20,681.235033241739,12369,52.8589743589744,14,106.078405413547,1971,6.00914634146341,3,8.50777168743686,94081,179.543893129771,8,512.805610956069,6495887.84570477
2013-01-31,114,79031,351.248888888889,20,674.44399740447,12215,52.4248927038627,14,105.83915365614,1998,6.09146341463415,3,8.52936214772098,93244,178.971209213052,9,508.841245017574,6492598.28055451
2013-02-28,114,79047,325.296296296296,11,656.655181619858,12489,53.1446808510638,14,108.37149388745,1832,5.85303514376997,3,7.8096832597328,93368,180.945736434109,9,512.017260177478,6476409.32917229
2013-03-31,116,78162,320.33606557377,11,642.765611596578,12551,53.4085106382979,14,107.596722199676,1828,5.69470404984424,3,7.70593946999746,92541,177.281609195402,9,499.274847673197,6468439.2075408
2013-04-30,116,77974,322.206611570248,11,642.665693536734,12562,53.9141630901288,14,106.078498163766,1871,5.81055900621118,3,7.77515896189912,92407,177.705769230769,9,498.239145987931,6492404.19961596
2013-05-31,116,76245,319.016736401674,13,640.79933648115,12460,52.3529411764706,14,104.600633977256,1846,5.82334384858044,3,7.56911346570458,90551,174.472061657033,9,493.634768274685,6494286.70406224
2013-06-30,114,76752,309.483870967742,12,631.069299900782,12626,52.6083333333333,14,104.407617336476,1838,6.00653594771242,3,7.63039369633039,91216,174.743295019157,9,493.082812014271,6524861.03742778
2013-07-31,115,82551,310.342105263158,13.5,616.016288281409,13216,51.2248062015504,13,101.961787326748,1835,6.01639344262295,3,7.67962916130851,97602,179.08623853211,9,487.564733535435,6417909.11269816
2013-08-31,116,82395,310.924528301887,13,617.46785737276,12936,49.9459459459459,13,98.259410722416,1844,6.10596026490066,3,7.59537568518374,97175,179.289667896679,9,488.268560995331,6440018.31922971
2013-09-30,117,82558,295.906810035842,12,608.196637246354,12709,51.0401606425703,14,97.8733463666506,1890,6.17647058823529,3,7.7646678938903,97157,176.328493647913,9,484.791797002777,6447588.38487931
2013-10-31,119,83611,297.548042704626,13,609.403729656596,12811,51.6572580645161,14,98.3174208914725,1889,6.09354838709677,3,7.295937402319,98311,176.818345323741,9,485.40424066136,6433952.12219568
2013-11-30,120,83500,294.014084507042,10,604.307804072072,12917,51.2579365079365,13.5,98.5419649746426,1850,5.92948717948718,3,7.47481273742976,98267,174.85231316726,9,481.833435362411,6458410.0735121
2013-12-31,122,83279,292.20701754386,10,604.420432402405,13057,51.2039215686275,14,97.3092601479685,1864,5.9935691318328,3,7.68618096751349,98200,174.422735346359,9,481.120000029934,6454196.66442238
2014-01-31,123,83702,289.626297577855,9,600.677255618312,13180,50.6923076923077,13,95.1694969264477,1857,5.9140127388535,3,7.69852862253001,98739,172.319371727749,9,476.776135610536,6447619.57272042
2014-02-28,122,83424,287.668965517241,11.5,600.358411465117,13061,50.2346153846154,12,94.4621165401319,1865,5.88328075709779,3,7.5167916221736,98350,171.940559440559,9,477.460081640818,6436983.78326587
