"date","n.conributors","troops","troops.mean","troops.med","troops.sd","police","police.mean","police.med","police.sd","observers","observers.mean","observers.med","observers.se","total","total.mean","total.med","total.sd","troops.gini","total.gini","total.quint.first","total.quint.second","total.quint.third","total.quint.fourth","total.quint.fifth","troops.quint.first","troops.quint.second","troops.quint.third","troops.quint.fourth","troops.quint.fifth"
1990-11-30,46,10285,223.586956521739,19,357.432546928598,44,22,22,5.65685424949238,NA,NA,NA,NA,10329,224.54347826087,21.5,357.680596592468,NA,0.725687911199787,56,157,335,2380,10329,56,172,315,2354,10285
1990-12-31,46,10285,223.586956521739,19,357.432546928598,44,22,22,5.65685424949238,NA,NA,NA,NA,10329,224.54347826087,21.5,357.680596592468,NA,0.725687911199787,56,157,335,2380,10329,56,172,315,2354,10285
1991-01-31,46,10285,223.586956521739,19,357.432546928598,44,22,22,5.65685424949238,NA,NA,NA,NA,10329,224.54347826087,21.5,357.680596592468,NA,0.725687911199787,56,157,335,2380,10329,56,172,315,2354,10285
1991-02-28,46,10285,223.586956521739,19,357.432546928598,44,22,22,5.65685424949238,NA,NA,NA,NA,10329,224.54347826087,21.5,357.680596592468,NA,0.725687911199787,56,157,335,2380,10329,56,172,315,2354,10285
1991-03-31,37,9744,263.351351351351,21,366.223764036887,37,18.5,18.5,0.707106781186548,NA,NA,NA,NA,9781,264.351351351351,32,366.521805946432,NA,0.673103120501137,49,103,300,2960,9781,49,102,281,2923,9744
1991-04-30,46,10675,232.065217391304,17,372.40631347876,38,19,19,1.4142135623731,NA,NA,NA,NA,10713,232.891304347826,20.5,372.724934518197,NA,0.728012289010913,95,137,321,2446,10713,95,137,301,2426,10675
1991-05-31,49,10662,217.591836734694,13,362.84247720644,38,19,19,1.4142135623731,NA,NA,NA,NA,10700,218.367346938776,17,363.186860415174,NA,0.740934579439252,107,131,273,1750,10700,107,131,261,1730,10662
1991-06-30,50,10657,213.14,12.5,360.272289882448,38,19,19,1.4142135623731,NA,NA,NA,NA,10695,213.9,14,360.604325531235,NA,0.7455502571295,120,136,277,1751,10695,120,136,265,1731,10657
1991-07-31,54,10824,200.444444444444,15,350.738394510279,37,18.5,18.5,2.12132034355964,NA,NA,NA,NA,10861,201.12962962963,15,351.057918475554,NA,0.752019628504298,74,186,345,1350,10861,74,186,333,1330,10824
1991-08-31,54,10798,199.962962962963,15,351.014215858064,37,18.5,18.5,2.12132034355964,NA,NA,NA,NA,10835,200.648148148148,15,351.332619768628,NA,0.753222581141363,75,199,337,1324,10835,75,199,325,1304,10798
1991-09-30,57,11138,195.40350877193,19,344.198181059417,129,11.7272727272727,10,6.64967531674907,NA,NA,NA,NA,11267,197.666666666667,20,344.871784318531,NA,0.746960149108014,96,259,456,1251,11267,96,269,423,1169,11138
1991-10-31,57,10981,192.649122807018,22,332.529026188911,NA,NA,NA,NA,NA,NA,NA,NA,10981,192.649122807018,22,332.529026188911,NA,0.740813877878377,79,230,485,1252,10981,79,230,485,1252,10981
1991-11-30,57,11209,196.649122807018,24,334.269645817996,155,11.9230769230769,10,5.64891639257092,NA,NA,NA,NA,11364,199.368421052632,30,334.712116792654,NA,0.72873401384489,87,258,589,1494,11364,87,247,540,1386,11209
1991-12-31,56,11136,198.857142857143,25,334.675225395467,155,11.9230769230769,10,5.64891639257092,NA,NA,NA,NA,11291,201.625,34,335.09372162535,NA,0.725671204625682,84,357,627,1889,11291,84,244,577,1781,11136
1992-01-31,51,11464,224.78431372549,45,345.97481490568,145,12.0833333333333,10,5.86915408700178,NA,NA,NA,NA,11609,227.627450980392,45,346.390759737284,NA,0.696207641468164,85,295,789,2808,11609,85,269,739,2682,11464
1992-02-29,53,12032,231.384615384615,43.5,341.115192655844,386,22.7058823529412,10,36.5680268572874,NA,NA,NA,NA,12418,234.301886792453,48,338.782695549911,0.0188679245283048,0.677294371833947,97,328,923,3071,12418,96,384,785,2710,12032
1992-03-31,55,14183,267.603773584906,57,367.044135871688,494,24.7,10,35.5440423611105,NA,NA,NA,NA,14677,266.854545454545,60,366.118803738866,0.0363636363636388,0.66096242110414,101,378,1030,4609,14677,123,344,957,4256,14183
1992-04-30,60,23866,411.48275862069,74.5,578.014090806793,1132,31.4444444444444,14.5,34.0012137971946,NA,NA,NA,NA,24998,416.633333333333,88.5,584.041006415766,0.033333333333335,0.655160412833027,174,555,1699,9165,24998,121,406,1395,8452,23866
1992-05-31,60,23866,411.48275862069,74.5,578.014090806793,1132,31.4444444444444,14.5,34.0012137971946,NA,NA,NA,NA,24998,416.633333333333,88.5,584.041006415766,0.033333333333335,0.655160412833027,174,555,1699,9165,24998,121,406,1395,8452,23866
1992-06-30,60,23866,411.48275862069,74.5,578.014090806793,1132,31.4444444444444,14.5,34.0012137971946,NA,NA,NA,NA,24998,416.633333333333,88.5,584.041006415766,0.033333333333335,0.655160412833027,174,555,1699,9165,24998,121,406,1395,8452,23866
1992-07-31,60,23866,411.48275862069,74.5,578.014090806793,1132,31.4444444444444,14.5,34.0012137971946,NA,NA,NA,NA,24998,416.633333333333,88.5,584.041006415766,0.033333333333335,0.655160412833027,174,555,1699,9165,24998,121,406,1395,8452,23866
1992-08-31,60,37814,879.395348837209,867,790.306725854103,3886,94.780487804878,88,71.209378664303,2138,39.5925925925926,31.5,33.3373372857309,43838,730.633333333333,574,806.046723772236,0.283333333333335,0.5357178703408,328,1949,8901,21307,43838,530,4517,12061,20205,37814
1992-09-30,65,38235,868.977272727273,860.5,783.581238679815,3769,91.9268292682927,84,59.4749486102773,2129,36.0847457627119,29,32.3649918018034,44133,678.969230769231,488,798.820399269111,0.323076923076922,0.568041706101662,211,1569,7446,20157,44133,521,4872,12372,20627,38235
1992-10-31,64,37931,862.068181818182,807.5,769.088388113812,4252,103.707317073171,84,81.0660976926974,2045,35.2586206896552,29,31.6563567767979,44228,691.0625,526,796.001074319288,0.3125,0.556627730170932,225,1788,7834,20375,44228,634,5310,11741,20523,37931
1992-11-30,63,44764,994.755555555556,775,1053.23812717032,4186,104.65,90.5,81.9688965400901,2041,35.8070175438597,28,31.5076173309675,50991,809.380952380952,560,1035.77967249503,0.285714285714288,0.57935589629418,251,1792,9451,21331,50991,927,5606,12816,21811,44764
1992-12-31,63,45775,1017.22222222222,821,1091.41482174804,4413,105.071428571429,88,82.1576096432926,2066,36.2456140350877,29,30.9869100829887,52254,829.428571428571,580,1070.70029411394,0.285714285714288,0.579293694232264,262,1815,9663,21853,52254,915,5702,13054,22394,45775
1993-01-31,67,44607,949.085106382979,758,1110.22976137114,5215,118.522727272727,75.5,127.967017668592,2373,38.9016393442623,22,55.4501893348234,52195,779.029850746269,528,1066.91919790254,0.298507462686569,0.602906151301163,175,1505,8159,20663,52195,420,4148,11096,19989,44607
1993-02-28,69,45829,954.770833333333,834.5,1119.49917068918,5201,113.065217391304,75,127.683184688407,2313,37.9180327868852,25,53.323007880266,53343,773.086956521739,487,1074.21793356746,0.304347826086957,0.615866635041964,112,1291,7362,21049,53343,326,3544,11464,20771,45829
1993-03-31,69,46556,969.916666666667,864,1107.9329773364,5233,116.288888888889,75,126.925823402744,2255,38.8793103448276,25,54.3355647759001,54044,783.246376811594,498,1067.79458541477,0.304347826086957,0.608114805005904,143,1290,7751,21802,54044,363,3975,13048,21595,46556
1993-04-30,70,49473,1030.6875,870,1130.11666044856,5624,117.166666666667,75,133.926517377021,2299,38.9661016949153,25,55.8022883295754,57396,819.942857142857,530,1088.16623950723,0.314285714285713,0.596146570691834,127,1469,9216,23999,57396,440,4851,13316,23787,49473
1993-05-31,71,67216,1222.10909090909,906,1379.84971904119,5187,110.36170212766,74,126.561623679313,2251,36.9016393442623,23,50.961980900155,74654,1051.46478873239,729,1360.29735017213,0.225352112676056,0.58861632839877,378,3216,13314,31232,74654,749,6100,15831,31412,67216
1993-06-30,73,70721,1262.875,935.5,1482.59059588276,4799,109.068181818182,62.5,128.427773154982,2276,36.1269841269841,24,50.4791531750874,77796,1065.69863013699,754,1441.93076275577,0.232876712328768,0.590946676837278,433,3183,14034,30806,77796,1253,7528,17723,33278,70721
1993-07-31,72,69982,1272.4,926,1480.90494855904,5355,111.5625,71.5,126.103285301493,2320,37.4193548387097,21,56.0563382845511,77657,1078.56944444444,779,1441.98382349533,0.236111111111111,0.584268535568805,453,3552,14231,30880,77657,959,7327,17254,32606,69982
1993-08-31,71,69934,1319.50943396226,956,1553.66246733623,2973,66.0666666666667,29,117.985438238639,2303,36.5555555555556,19,55.1998649419157,75210,1059.29577464789,661,1482.57847197149,0.253521126760564,0.607079894604965,269,2993,12712,29968,75210,1099,6523,16696,31395,69934
1993-09-30,72,71731,1353.41509433962,919,1590.3536911155,2005,48.9024390243902,28,113.663715599581,2422,38.4444444444444,24,54.3723060964945,76158,1057.75,680.5,1497.79273985064,0.263888888888889,0.624502131533566,208,1939,11122,27721,76158,719,6202,16566,31131,71731
1993-10-31,71,71717,1280.66071428571,864,1576.17791193283,1039,26.6410256410256,26,23.3367647370852,2297,37.655737704918,27,53.30349746058,75053,1057.08450704225,676,1507.19238270064,0.2112676056338,0.631666673860332,243,1969,11052,28112,75053,608,5595,15394,31007,71717
1993-11-30,68,68722,1374.44,887,1491.11417266364,1046,30.7647058823529,32.5,22.7303812490916,2349,39.8135593220339,30,52.1455107917593,72117,1060.54411764706,669,1425.8350832378,0.264705882352942,0.621377312520748,309,1830,10827,26498,72117,1136,6806,16152,31190,68722
1993-12-31,69,66708,1308,880,1381.57405881842,1048,31.7575757575758,33,22.4944858563025,2175,36.864406779661,30,32.1282224344453,69931,1013.49275362319,659,1336.88022059249,0.260869565217394,0.616497545510182,284,1864,9973,26811,69931,1443,7221,16585,31584,66708
1994-01-31,70,66929,1312.33333333333,981,1367.90519652009,1151,32.8857142857143,33,25.5305715571276,2310,38.5,29,33.3631787291807,70390,1005.57142857143,625.5,1329.16976998151,0.271428571428569,0.624846061737665,223,1403,9508,26946,70390,1089,6651,16519,31871,66929
1994-02-28,70,68285,1338.92156862745,950,1439.4374851745,1215,32.8378378378378,33,25.4214624038577,2338,38.9666666666667,32.5,32.5242890549674,71838,1026.25714285714,667.5,1390.14135122926,0.271428571428569,0.630256967064785,244,1305,9623,26987,71838,953,6732,16622,31552,68285
1994-03-31,66,66136,1407.14893617021,991,1515.3515014636,1297,35.0540540540541,34,24.8036130275252,2413,40.2166666666667,32.5,34.3906233114698,69846,1058.27272727273,671,1453.46430238987,0.287878787878789,0.638120314909251,188,1020,9385,26361,69846,538,6298,15300,29070,66136
1994-04-30,66,67237,1461.67391304348,1007,1666.15628257706,1307,35.3243243243243,36,26.9134972892104,2378,39.6333333333333,32.5,33.456253585164,70922,1074.57575757576,713.5,1565.80384920094,0.303030303030305,0.650236751770832,182,1006,9389,25236,70922,804,7136,16244,30274,67237
1994-05-31,68,66691,1389.39583333333,935.5,1660.63754406199,1501,34.1136363636364,27.5,28.1095993775617,2340,39,29.5,33.6945401200002,70532,1037.23529411765,470.5,1556.37543064769,0.294117647058822,0.669623049696259,109,681,7631,22841,70532,250,4676,14199,27305,66691
1994-06-30,68,67418,1465.60869565217,1051.5,1637.02097289573,1755,39,29,35.6886791319295,2463,39.7258064516129,32.5,34.6590746307083,71636,1053.47058823529,612.5,1541.80608834166,0.323529411764707,0.659588261570752,148,666,8284,24227,71636,539,6868,16414,30673,67418
1994-07-31,68,68967,1532.6,1004,1756.48048665506,1931,41.0851063829787,32,35.2116765386477,2378,37.7460317460317,27,35.0681218413939,73276,1077.58823529412,483,1634.30725874265,0.338235294117645,0.671576521323088,114,634,7575,23698,73276,490,6195,15613,30840,68967
1994-08-31,70,72339,1418.41176470588,914,1786.94960395049,1859,39.5531914893617,35,34.3434118171905,2461,39.6935483870968,32,36.1102994751656,76659,1095.12857142857,521,1677.35588958672,0.271428571428569,0.663679597773442,158,742,8579,26135,76659,361,5378,15240,31088,72339
1994-09-30,72,74055,1397.2641509434,902,1778.79728328899,2323,48.3958333333333,38,47.7715038282676,2568,41.4193548387097,32.5,36.4788500983101,78946,1096.47222222222,386,1676.19570920449,0.263888888888889,0.664911599208461,174,1139,8498,25508,78946,389,4177,14495,29749,74055
1994-10-31,73,71562,1431.24,961,1654.43429581947,2428,50.5833333333333,37,49.6471950026505,2384,39.0819672131148,34,33.899997582088,76374,1046.21917808219,416,1552.82982939907,0.315068493150683,0.661610797047405,122,869,8459,25649,76374,721,6784,15828,31226,71562
1994-11-30,75,70941,1418.82,969,1654.46196556772,2197,43.94,33,47.701200087586,2361,38.0806451612903,34,31.3370353285613,75499,1006.65333333333,297,1537.71662497963,0.333333333333332,0.67265314772381,107,680,7469,25159,75499,717,5802,15646,30685,70941
1994-12-31,75,65817,1290.52941176471,897,1571.22896298332,1993,41.5208333333333,30,40.1380540948963,2415,38.9516129032258,34,32.17953092372,70225,936.333333333333,283,1462.33621243481,0.32,0.675116838732645,95,694,6429,23443,70225,844,4978,14376,28778,65817
1995-01-31,73,60888,1242.61224489796,870,1533.27306244309,1151,25.5777777777778,17,23.5502257168192,2279,36.1746031746032,30,30.5273751724683,64318,881.068493150685,241,1406.75144223972,0.328767123287673,0.683753285792724,72,534,5278,20633,64318,273,4065,12053,26501,60888
1995-02-28,73,54077,1103.61224489796,843,1085.41552750407,1291,28.6888888888889,19,28.2415089590275,2416,37.75,30.5,31.7355141307472,57784,791.561643835616,275,1058.30393641983,0.328767123287673,0.648735299528333,107,637,5784,20765,57784,398,5220,12320,26142,54077
1995-03-31,76,57650,1087.7358490566,828,1200.22613495803,1839,37.530612244898,20,44.9495560048596,2272,36.6451612903226,33,29.8202795856062,61761,812.644736842105,220,1161.31852310435,0.30263157894737,0.681263895883879,101,707,4416,20011,61761,253,2218,10478,24021,57650
1995-04-30,78,57631,1047.83636363636,834,1168.57511785105,1887,37.74,20,45.4976159949561,2277,36.1428571428571,27,29.9622650543803,61795,792.24358974359,166,1134.90406008954,0.294871794871792,0.679924937915066,96,715,4094,19744,61795,197,1988,10391,25056,57631
1995-05-31,81,60866,1014.43333333333,825,1179.20000699507,1920,38.4,22,41.1934213095207,2289,35.2153846153846,25,29.3946701736111,65075,803.395061728395,197,1146.7042085801,0.25925925925926,0.672614220059474,191,914,5035,22206,65075,249,2047,10327,25757,60866
1995-06-30,81,62477,1041.28333333333,824,1326.59871050011,1845,36.9,21,40.3430443136087,2275,35.546875,26,29.3387060488197,66597,822.185185185185,197,1264.95106734521,0.25925925925926,0.681053923572355,167,907,5061,22271,66597,280,2101,10368,26013,62477
1995-07-31,81,63237,1053.95,620,1635.19924069811,1766,35.32,21,38.6530564834167,2288,35.75,25.5,29.3582145558064,67291,830.753086419753,142,1507.31903168228,0.25925925925926,0.71624752709395,139,794,3801,19258,67291,256,1591,8367,23009,63237
1995-08-31,82,64926,1082.1,622.5,1712.13406036968,1724,33.1538461538462,20,36.0475636855272,2240,35,24,28.7992504311627,68890,840.121951219512,129,1565.3406475809,0.26829268292683,0.72262284518621,129,758,3527,18252,68890,224,1525,8573,23255,64926
1995-09-30,81,58545,1009.39655172414,630,1587.13487791355,1735,32.7358490566038,20,36.0929094588888,2218,34.65625,24.5,28.8863227645393,62498,771.58024691358,199,1440.65752231574,0.283950617283949,0.712741425009551,144,846,4541,18150,62498,361,2002,9341,20591,58545
1995-10-31,81,56206,986.070175438596,617,1424.78335269974,1669,32.0961538461538,20,34.7208812209624,2194,34.28125,24,28.9073334739029,60069,741.592592592593,201,1301.76284109067,0.296296296296298,0.705267543148425,146,863,4718,17739,60069,401,2335,8891,20360,56206
1995-11-30,78,49833,906.054545454545,617,1305.19468418944,1268,26.4166666666667,20,22.8713639903732,2107,32.921875,23.5,26.5182205629525,53208,682.153846153846,228.5,1192.5548703859,0.294871794871792,0.685722505580422,119,855,4763,16885,53208,417,2539,9244,20396,49833
1995-12-31,75,27996,518.444444444444,246.5,597.491317270667,1098,25.5348837209302,20,22.316285786297,2007,31.359375,23.5,24.5411007291849,31101,414.68,132,575.48644899161,0.279999999999998,0.657373932242264,104,708,2802,10680,31101,204,1223,3988,12122,27996
1996-01-31,70,26249,558.489361702128,322,606.657480624289,1151,28.0731707317073,19,27.1223065426804,1750,27.7777777777778,20,21.2165824103607,29150,416.428571428571,105,576.159840227244,0.328571428571426,0.659685371232541,94,568,2486,10117,29150,124,1262,4597,11623,26249
1996-02-29,70,23388,508.434782608696,359.5,543.261944274232,1345,30.5681818181818,21.5,34.1108982975214,1646,26.1269841269841,19,20.4950757764003,26379,376.842857142857,90.5,515.586331086572,0.342857142857142,0.64961684890037,116,622,2268,9508,26379,133,1087,4734,11585,23388
1996-03-31,70,22018,468.468085106383,394,451.136384037882,1949,41.468085106383,28,41.187720343848,1491,24.0483870967742,18,18.1419064005881,25458,363.685714285714,99,454.854763979339,0.328571428571426,0.625644478861544,96,582,2374,10092,25458,97,1063,4677,10805,22018
1996-04-30,68,22048,512.744186046512,556,431.739068740944,2198,46.7659574468085,37,41.6168928733625,1412,23.1475409836066,17,17.4383065553719,25658,377.323529411765,95,446.403921276058,0.367647058823529,0.614389274300414,91,615,2159,10424,25658,89,1064,5757,12250,22048
1996-05-31,68,22772,542.190476190476,565.5,456.694338624287,2592,55.1489361702128,45,46.3174202947088,1389,22.7704918032787,17,16.943428856662,26753,393.426470588235,104.5,470.381246331941,0.382352941176467,0.618314933344474,129,557,2286,10693,26753,123,1385,5802,12190,22772
1996-06-30,69,22373,532.690476190476,573.5,453.596924759182,2633,54.8541666666667,45,47.3762619360737,1393,22.8360655737705,19,16.3688528694681,26399,382.594202898551,99,467.39409995397,0.391304347826086,0.626000875088044,81,579,2013,10400,26399,124,1375,5637,11867,22373
1996-07-31,70,20869,496.880952380952,545,429.214324902501,2702,55.1428571428571,46,50.1414665388505,1476,24.1967213114754,22,20.13688131442,25047,357.814285714286,90.5,442.477193151949,0.399999999999999,0.632369431183662,71,498,1943,9810,25047,126,1055,5007,11043,20869
1996-08-31,70,21552,525.658536585366,589,434.051587357776,2763,56.3877551020408,46,49.2128947899373,1321,21.655737704918,18,15.3306721378001,25636,366.228571428571,97.5,449.665227211475,0.414285714285715,0.630018054967346,71,484,2008,10097,25636,165,1469,5981,13389,21552
1996-09-30,70,21489,524.121951219512,592,433.176591883838,2706,55.2244897959184,45,48.8583263571499,1315,21.5573770491803,18,15.4688122687382,25510,364.428571428571,96.5,445.972332001631,0.414285714285715,0.628048384387077,72,501,2041,10104,25510,210,1448,5954,12441,21489
1996-10-31,70,21696,529.170731707317,583,438.993673214035,2767,56.469387755102,46,50.9211408457628,1307,21.4262295081967,18,15.2024767898671,25770,368.142857142857,100.5,451.552147171184,0.414285714285715,0.629369698985531,72,503,2055,10190,25770,168,1450,5932,12484,21696
1996-11-30,70,21565,525.975609756098,569,437.151260309568,2775,56.6326530612245,46,51.2147008019308,1334,21.8688524590164,19,15.6444616503052,25674,366.771428571429,99.5,449.804697439355,0.414285714285715,0.629313702578484,69,504,2065,10086,25674,210,1444,6513,12400,21565
1996-12-31,68,20813,520.325,548.5,432.493331058707,2748,58.468085106383,47,50.9572928875483,1359,22.2786885245902,18,16.3830513514638,24920,366.470588235294,103,446.44644914912,0.411764705882351,0.625501605136437,78,523,2092,9643,24920,145,1238,5429,12741,20813
1997-01-31,69,20827,507.975609756098,514,430.877969256081,2759,57.4791666666667,47,51.2577921770461,1384,22.3225806451613,18.5,16.5586629237164,24970,361.884057971014,104,442.612416303072,0.405797101449274,0.626249470378948,72,600,2063,10461,24970,189,1373,5441,11836,20827
1997-02-28,70,20082,489.80487804878,514,409.063578158224,2619,53.4489795918367,41,50.769930907514,1497,24.1451612903226,20.5,17.1491497415704,24198,345.685714285714,96.5,424.739324757973,0.414285714285715,0.6277933241236,86,524,1996,9565,24198,181,1364,5370,11562,20082
1997-03-31,70,19676,479.90243902439,504,420.891126354432,2636,53.7959183673469,40,51.0061187472627,1545,24.5238095238095,20,17.7762592157368,23857,340.814285714286,96.5,429.216012399592,0.414285714285715,0.636524170803417,76,551,1975,8958,23857,166,1103,4876,11000,19676
1997-04-30,70,19658,491.45,514,420.004392528923,2778,56.6938775510204,45,49.7335417004262,1459,23.1587301587302,19,16.3945371991526,23895,341.357142857143,104,429.18419530426,0.428571428571427,0.636055959106807,75,525,1992,9025,23895,167,1095,4850,10901,19658
1997-05-31,68,18943,473.575,509,400.849475393291,2785,56.8367346938776,45,49.8357079724533,1286,21.0819672131148,17,15.5427315080793,23014,338.441176470588,109,412.59569246827,0.411764705882351,0.625009584958516,85,546,2060,8727,23014,169,1025,4686,10569,18943
1997-06-30,69,18227,455.675,421.5,410.434628137489,2929,57.4313725490196,45,57.9497212769693,1287,21.45,17.5,15.7979026713535,22443,325.260869565217,94,414.121737293797,0.420289855072463,0.640820836295749,81,548,1713,8143,22443,170,860,4168,9701,18227
1997-07-31,69,16333,408.325,349,378.644504644443,2957,57.9803921568627,46,56.6333789195306,1248,20.8,16,15.3355684934387,20538,297.652173913043,95,378.051771512493,0.420289855072463,0.640777575960293,74,519,1696,7308,20538,153,618,3419,8440,16333
1997-08-31,68,14996,374.9,287,359.643755359704,3039,60.78,47.5,58.7023936514361,1177,19.6166666666667,16.5,14.1098495068992,19212,282.529411764706,93,357.215661712617,0.411764705882351,0.636815531959192,73,507,1794,6655,19212,188,465,2835,7542,14996
1997-09-30,68,14691,397.054054054054,366,352.17782329275,2976,59.52,49.5,56.6907975831373,1151,19.1833333333333,16.5,13.5164578484291,18818,276.735294117647,87.5,350.760139060361,0.455882352941176,0.638568829593694,73,503,1694,6508,18818,172,750,3208,7359,14691
1997-10-31,70,14181,405.171428571429,390,338.951018994354,3016,58,46.5,54.0450066620223,1129,18.8166666666667,15.5,13.4523536680032,18326,261.8,80.5,339.473872551228,0.5,0.648042593660842,60,424,1575,6285,18326,187,915,3550,8592,14181
1997-11-30,70,12693,362.657142857143,256,331.498996791769,3022,58.1153846153846,46,58.4957360088897,1127,19.1016949152542,17,13.3373922323853,16842,240.6,86.5,319.288311854594,0.5,0.65200943220181,64,473,1571,5533,16842,193,955,2676,6576,12693
1997-12-31,70,10672,323.393939393939,248,289.397967705582,3137,58.0925925925926,44,57.5952921682328,1079,18.2881355932203,15,12.7928466642261,14888,212.685714285714,73,283.779131447565,0.528571428571428,0.650166960927304,64,412,1497,4766,14888,194,901,2429,5356,10672
1998-01-31,70,9359,301.903225806452,192,287.231190836315,2901,53.7222222222222,43,50.7098355487735,941,15.9491525423729,12,11.841516283404,13201,188.585714285714,52,268.78208903713,0.557142857142857,0.675129589749695,73,322,1088,3760,13201,94,618,1963,4831,9359
1998-02-28,70,9474,287.090909090909,150,294.73657344699,3011,55.7592592592593,43,55.7409558397729,930,15.7627118644068,12,11.6653613140768,13415,191.642857142857,56.5,274.476314847034,0.528571428571428,0.675083328896225,66,360,1159,3709,13415,57,399,1562,4244,9474
1998-03-31,70,9432,285.818181818182,158,294.36451197298,2907,53.8333333333333,39.5,56.2865813963063,909,15.4067796610169,12,11.6960332858208,13248,189.257142857143,58.5,271.591908574819,0.528571428571428,0.67706608005521,59,339,1203,3638,13248,48,369,1525,4219,9432
1998-04-30,74,10758,268.95,148,276.7726967044,2875,53.2407407407407,38.5,53.6673665592342,912,15.4576271186441,12,11.5792948893456,14545,196.554054054054,85,267.226041605429,0.45945945945946,0.6504798714149,67,412,1601,4336,14545,79,871,2070,4877,10758
1998-05-31,74,10748,255.904761904762,137.5,273.339939298661,2919,54.0555555555556,39,55.2013182323683,909,15.4067796610169,12,11.6871852073672,14576,196.972972972973,85,266.476449033813,0.432432432432435,0.648618981220519,67,422,1740,4382,14576,52,800,1786,4351,10748
1998-06-30,75,10796,245.363636363636,127.5,266.310894633364,2975,54.0909090909091,39,58.1225629444566,923,15.6440677966102,12,11.5888809847234,14694,195.92,79,262.082809277753,0.413333333333334,0.642985345492491,71,426,1723,4618,14694,115,775,1825,4431,10796
1998-07-31,75,10803,245.522727272727,126,265.499046434267,2993,54.4181818181818,39,56.5602565965062,920,15.5932203389831,13,11.3047421298775,14716,196.213333333333,81,263.130955647221,0.413333333333334,0.643484642565916,69,463,1728,4635,14716,102,826,1851,4444,10803
1998-08-31,76,10844,246.454545454545,128,264.239096674615,2956,52.7857142857143,40,54.4057865524395,920,15.3333333333333,12,11.636684638613,14720,193.684210526316,78.5,261.43594297782,0.421052631578949,0.647243278032036,70,471,1734,4667,14720,108,967,1899,4501,10844
1998-09-30,76,10856,246.727272727273,127.5,264.10166855195,2905,50.9649122807018,33,53.551698956736,922,15.1147540983607,12,11.8604361368034,14683,193.197368421053,71,261.301614728362,0.421052631578949,0.647891224007715,83,456,1705,4644,14683,113,968,1893,4519,10856
1998-10-31,77,10590,240.681818181818,126.5,264.552080662133,2788,48.9122807017544,31,52.0841629006616,911,14.6935483870968,12,11.8868831272637,14289,185.571428571429,66,258.04199110403,0.428571428571431,0.656818022763856,85,402,1642,4159,14289,107,767,1786,4302,10590
1998-11-30,77,10829,246.113636363636,125.5,272.41309396432,2727,47.8421052631579,30,50.6862863510452,920,14.8387096774194,12,12.0098232312336,14476,188,64,266.759649359336,0.428571428571431,0.663091260770178,71,400,1629,4027,14476,112,760,1748,4339,10829
1998-12-31,77,10829,246.113636363636,125.5,272.41309396432,2727,47.8421052631579,30,50.6862863510452,920,14.8387096774194,12,12.0098232312336,14476,188,64,266.759649359336,0.428571428571431,0.663091260770178,71,400,1629,4027,14476,112,760,1748,4339,10829
1999-01-31,76,10704,248.93023255814,126,269.053490464066,2479,42.7413793103448,28,49.0350967558299,847,13.8852459016393,12,11.3506216579471,14030,184.605263157895,58,262.599420103313,0.434210526315788,0.665168623626064,70,390,1480,4033,14030,120,707,1862,4285,10704
1999-02-28,78,10399,236.340909090909,125.5,268.154584294627,2525,42.7966101694915,29,50.3185643609336,787,13.1166666666667,11,10.7594525515492,13711,175.782051282051,45.5,260.298761787192,0.435897435897438,0.68451963517969,48,255,1179,3634,13711,51,538,1524,4039,10399
1999-03-31,74,9288,244.421052631579,126,277.663964861568,2357,43.6481481481481,30,49.8170833044125,752,12.5333333333333,11,10.1771872952667,12397,167.527027027027,45.5,252.617758948665,0.486486486486488,0.682400275567977,55,353,1082,3305,12397,47,429,1441,3613,9288
1999-04-30,73,9167,269.617647058824,129,280.91765370655,2213,41.7547169811321,29,44.1369832977957,778,13.4137931034483,11,10.8709083575314,12158,166.547945205479,48,253.209730871898,0.534246575342467,0.685375433504518,54,336,1109,3001,12158,82,905,1430,4104,9167
1999-05-31,73,9323,282.515151515152,129,278.482508563388,2293,43.2641509433962,31,47.8849385921793,779,13.4310344827586,11.5,10.5233442569208,12395,169.794520547945,44,252.955197993204,0.547945205479452,0.683004083617455,60,339,1090,3133,12395,94,600,1723,4325,9323
1999-06-30,72,9246,280.181818181818,129,274.791336124505,2211,44.22,30.5,46.2139169779946,735,12.8947368421053,11,10.1974860531658,12192,169.333333333333,51,249.739075104003,0.541666666666666,0.676885115923008,60,369,1212,3057,12192,96,635,1753,4329,9246
1999-07-31,74,9265,201.413043478261,97,263.869797529594,2395,46.9607843137255,33,47.4518538244034,832,14.3448275862069,12,11.4762175505694,12492,168.810810810811,47.5,252.196144347988,0.378378378378379,0.681339841282206,58,364,1085,3226,12492,12,95,1028,3257,9265
1999-08-31,79,9220,184.4,39,259.548902238213,3274,51.968253968254,32,63.7191337683786,850,14.1666666666667,12,11.2493565415481,13344,168.911392405063,51,250.795922239854,0.367088607594937,0.679582915945725,61,430,1203,3499,13344,10,68,603,2716,9220
1999-09-30,82,9226,279.575757575758,128,273.562267854943,3923,63.2741935483871,29.5,96.0848616306694,1098,16.3880597014925,12,14.1838098312729,14247,173.743902439024,46.5,255.330616510815,0.597560975609756,0.677398065831575,79,405,1242,3680,14247,110,1037,1777,4320,9226
1999-10-31,83,9179,278.151515151515,128,276.527250150428,4238,69.4754098360656,44,98.8044544470503,1181,17.3676470588235,11.5,15.3922876712388,14598,175.879518072289,53,256.169265572893,0.602409638554217,0.671853051333985,109,470,1426,3914,14598,110,1035,1742,4203,9179
1999-11-30,83,9116,276.242424242424,128,277.824925796696,4238,69.4754098360656,44,98.8044544470503,1181,17.3676470588235,11.5,15.3922876712388,14535,175.120481927711,53,256.412082474265,0.602409638554217,0.673893095602223,109,470,1489,3851,14535,110,594,1679,4140,9116
1999-12-31,82,12468,415.6,240,473.693746546481,4427,73.7833333333333,47,106.10868934636,1272,18.1714285714286,12.5,16.5975128471773,18167,221.548780487805,45,386.017435557061,0.634146341463415,0.727597076983596,65,332,1147,3842,18167,71,569,1987,5202,12468
2000-01-31,83,12709,438.241379310345,192,523.944084746537,4612,70.9538461538462,38,100.420122293983,1319,18.8428571428571,13,16.7813178683793,18640,224.578313253012,49,409.96966337743,0.650602409638555,0.736595739179895,80,352,1170,3764,18640,73,565,1632,5039,12709
2000-02-28,83,19349,537.472222222222,479.5,532.474358127687,5259,77.3382352941177,45.5,114.027308891154,2132,30.4571428571429,16,94.0426492383982,26740,322.168674698795,73,484.601239624687,0.566265060240964,0.692928783195608,82,389,1620,7836,26740,185,1170,5124,9601,19349
2000-03-31,82,22207,600.189189189189,493,684.951167677012,5826,86.955223880597,50,126.765882136373,1384,19.4929577464789,15,17.0468876417256,29417,358.743902439024,73.5,592.204185903702,0.548780487804878,0.712062545549818,75,428,1662,7813,29417,184,1070,4324,9365,22207
2000-04-30,85,23930,629.736842105263,557.5,674.750912367749,6104,88.463768115942,50,137.080545205466,1404,18.972972972973,13.5,17.3552510493384,31438,369.858823529412,75,600.355274835167,0.552941176470588,0.713398173061451,74,367,1689,8663,31438,183,1077,5588,11100,23930
2000-05-31,87,27487,687.175,498,869.266059046513,6619,94.5571428571429,50,154.190888254475,1481,19.4868421052632,15,18.7534838868605,35587,409.045977011494,71,770.146073550804,0.540229885057471,0.745661676144815,99,353,1600,7857,35587,135,844,4794,11157,27487
2000-06-30,89,28165,670.595238095238,479.5,871.567806844649,6965,96.7361111111111,48,157.109990453047,1506,19.0632911392405,13,18.7550620668688,36636,411.640449438202,71,777.90643056147,0.528089887640448,0.746874505459726,100,411,1685,8402,36636,155,732,4310,10310,28165
2000-07-31,89,28899,672.06976744186,496,861.217919309869,7056,99.3802816901408,46,163.385203578815,1511,19.126582278481,13,18.4142970434748,37466,420.966292134831,70,775.83641740907,0.516853932584269,0.740682338503763,74,398,1704,9055,37466,144,727,4941,11050,28899
2000-08-31,89,28741,653.204545454545,479,846.071594626999,7201,102.871428571429,49,162.399482528319,1500,18.9873417721519,13,17.5093335336314,37442,420.696629213483,72,770.813124453274,0.50561797752809,0.737686873300367,96,440,1773,9249,37442,158,862,4427,11030,28741
2000-09-30,88,28906,656.954545454545,477,856.900199191369,7367,105.242857142857,50,167.760391217008,1530,19.8701298701299,15,17.5066533587953,37803,429.579545454545,85,790.674566090158,0.5,0.735519727871525,114,470,2001,9254,37803,158,858,4422,11062,28906
2000-10-31,89,28931,615.553191489362,312,844.935727128829,7530,106.056338028169,49,166.880871738233,1523,19.7792207792208,15,17.1798714662058,37984,426.786516853933,91,786.732215500959,0.471910112359552,0.73700339823746,92,477,1905,9323,37984,115,649,3776,10270,28931
2000-11-30,88,29197,621.212765957447,314,842.224976041598,7809,111.557142857143,50,171.048483313628,1515,19.6753246753247,15,17.2034586168026,38521,437.738636363636,90.5,792.234907899589,0.46590909090909,0.730695004613777,91,499,2114,9680,38521,146,762,4064,10505,29197
2000-12-31,89,28537,559.549019607843,316,721.899752423437,7728,108.845070422535,51,170.482227635721,1481,19.2337662337662,15,16.5480926742377,37746,424.112359550562,91,694.722073896563,0.426966292134832,0.712223692725534,94,509,2040,10536,37746,59,593,4311,11824,28537
2001-01-31,89,29717,540.309090909091,252,726.960156652529,7921,111.56338028169,48,169.47353205858,1464,18.5316455696203,14,15.938049492217,39102,439.348314606742,87,718.645792463531,0.382022471910112,0.711978869439134,106,600,2164,10876,39102,29,379,3359,11205,29717
2001-02-28,89,29717,540.309090909091,252,726.960156652529,7921,111.56338028169,48,169.47353205858,1464,18.5316455696203,14,15.938049492217,39102,439.348314606742,87,718.645792463531,0.382022471910112,0.711978869439134,106,600,2164,10876,39102,29,379,3359,11205,29717
2001-03-31,90,32528,580.857142857143,231.5,953.639734311203,7550,103.424657534247,48,159.775182140425,1576,20.2051282051282,14.5,17.5472341953206,41654,462.822222222222,74,866.805728111635,0.37777777777778,0.732007063480632,95,524,2114,10820,41654,27,319,3260,11191,32528
2001-04-30,88,33225,604.090909090909,253,946.89440282484,7781,108.069444444444,49,163.536129133844,1648,21.1282051282051,15,18.1074419474274,42654,484.704545454545,108.5,865.768320780137,0.375,0.712212325818319,98,592,2852,11790,42654,41,589,4089,12126,33225
2001-05-31,88,34609,607.175438596491,332,937.236517694574,7696,109.942857142857,49,165.508516853782,1592,20.6753246753247,15,16.7939851062356,43897,498.829545454545,124,874.55475991075,0.352272727272727,0.702970745567621,112,693,3203,12764,43897,34,672,4488,12297,34609
2001-06-30,88,33492,567.661016949153,227,931.465578799669,7697,109.957142857143,49,163.944267281071,1723,22.0897435897436,17,18.1374162290517,42912,487.636363636364,116.5,874.565983418142,0.329545454545453,0.70943601281269,118,685,2933,12001,42912,31,421,3522,11259,33492
2001-07-31,87,35451,571.790322580645,176.5,984.235130129088,7645,110.797101449275,50,163.857504424365,1732,22.2051282051282,16.5,18.0240524540534,44828,515.264367816092,121,948.961616835587,0.287356321839081,0.722997941557463,158,758,2965,12093,44828,23,266,2670,9664,35451
2001-08-31,87,37774,629.566666666667,200,1121.3319617141,7628,110.550724637681,55,159.639348701625,1761,22.8701298701299,18,18.5609597708333,47163,542.103448275862,121,1052.48835859974,0.310344827586206,0.734584216489596,137,705,2963,11462,47163,21,311,3088,10442,37774
2001-09-30,87,37616,626.933333333333,199.5,1115.08426171947,7588,108.4,55,159.51751528017,1776,22.7692307692308,16.5,18.6177705061959,46980,540,119,1049.13188919708,0.310344827586206,0.734197481931661,176,708,3055,11384,46980,21,311,3059,10377,37616
2001-10-31,86,38100,635,209.5,1114.81607512447,7667,112.75,54,165.306984890934,1831,23.474358974359,17.5,18.8712138089395,47598,553.46511627907,130.5,1055.4403563573,0.302325581395351,0.727040026110146,184,880,3315,12520,47598,21,331,3209,10892,38100
2001-11-30,86,38294,607.84126984127,125,1101.0266207316,7657,110.971014492754,48,164.733739804079,1850,23.7179487179487,17.5,19.7785778354295,47801,555.825581395349,131,1060.15458575192,0.267441860465116,0.731178874821632,191,821,3219,13063,47801,18,176,2521,9939,38294
2001-12-31,86,37665,597.857142857143,121,1103.59151011511,7642,112.382352941176,51.5,161.53203364314,1824,23.3846153846154,17.5,19.0768989075288,47131,548.03488372093,131,1057.22317136115,0.267441860465116,0.7339027342395,164,851,3290,11687,47131,31,169,2128,9301,37665
2002-01-31,86,36908,585.84126984127,121,1089.99816818948,7554,112.746268656716,52,163.489073240995,1800,23.0769230769231,17.5,19.015898495848,46262,537.93023255814,128.5,1041.57510576895,0.267441860465116,0.733346369967617,166,794,3180,11577,46262,17,160,2180,9339,36908
2002-02-28,86,36770,583.650793650794,121,1091.01857053368,7700,113.235294117647,54.5,162.424091813391,1829,23.4487179487179,18,19.4346373314536,46299,538.360465116279,122.5,1039.44051594274,0.267441860465116,0.732708828409072,168,820,3315,11403,46299,30,164,2150,9024,36770
2002-03-31,86,37119,589.190476190476,197,1088.62004771864,7530,110.735294117647,56,153.658724164469,1834,23.8181818181818,18,19.7168958221431,46483,540.5,140,1034.88407705461,0.267441860465116,0.726455383288414,169,892,3581,11795,46483,27,187,2476,9434,37119
2002-04-30,85,37475,594.84126984127,194,1096.11619654754,7519,112.223880597015,57,154.877353323821,1828,23.7402597402597,18,19.6518397407165,46822,550.847058823529,144,1044.5893987806,0.258823529411764,0.723086432471412,169,913,3551,12033,46822,28,134,2433,9518,37475
2002-05-31,86,36219,574.904761904762,196,1011.88020000913,7253,108.253731343284,55,147.66232396141,1822,23.3589743589744,18,19.688466106726,45294,526.674418604651,155,968.16850067064,0.267441860465116,0.717873716011464,155,898,3589,12132,45294,26,140,2582,9666,36219
2002-06-30,87,36402,560.030769230769,147,1003.67048204999,7153,108.378787878788,53.5,148.816434695336,1813,23.2435897435897,18,19.3988792670225,45368,521.471264367816,142,964.69227337229,0.25287356321839,0.723147815970343,163,830,3276,11307,45368,32,103,2105,9527,36402
2002-07-31,88,36000,545.454545454545,136,994.624199334652,6951,99.3,50.5,144.789937795955,1786,22.6075949367089,18,19.023209657678,44737,508.375,138,955.005690691356,0.25,0.728248886929062,116,707,3198,11108,44737,19,102,2087,9422,36000
2002-08-30,90,35698,557.78125,171,1000.37958619129,6754,95.1267605633803,48,137.942838013998,1808,22.6,18,19.593721546726,44260,491.777777777778,129.5,937.15417624979,0.288888888888888,0.733996083747552,93,610,2898,11090,44260,19,130,2052,9263,35698
2002-09-30,90,35798,559.34375,169.5,1003.88371581621,6776,95.4366197183099,48,141.752574417979,1785,22.5949367088608,18,19.536631593865,44359,492.877777777778,130.5,944.500924366852,0.288888888888888,0.736375431767573,86,589,2848,10983,44359,21,133,2048,9279,35798
2002-10-31,88,35055,547.734375,192.5,994.856697699892,6181,89.5797101449275,45,131.273110659677,1771,22.1375,17.5,19.4283778810432,43007,488.715909090909,143.5,933.94447087957,0.272727272727273,0.730113966648135,144,617,3071,10730,43007,22,119,2146,9028,35055
2002-11-30,89,33979,539.349206349206,173,967.327348248107,6181,90.8970588235294,46.5,131.972197400599,1766,21.8024691358025,17,19.1562129302,41926,471.078651685393,142,902.719278633365,0.292134831460672,0.735761295851921,101,580,2694,10190,41926,20,106,2245,8531,33979
2002-12-31,89,32520,516.190476190476,153,911.849571230362,5333,79.5970149253731,36,120.266756496661,1799,22.2098765432099,18,19.1655394193476,39652,445.52808988764,108,852.86511895716,0.292134831460672,0.741429084722478,102,524,2397,9921,39652,23,79,1974,8137,32520
2003-01-31,89,32023,516.5,171.5,888.42619646056,5332,79.5820895522388,35,120.345984719025,1792,22.4,17.5,19.4334958124798,39147,439.85393258427,107,830.379124126742,0.303370786516851,0.739181012622259,93,503,2379,9272,39147,23,109,1978,8152,32023
2003-02-28,90,31993,507.825396825397,153,882.667630788267,5224,77.9701492537313,34,117.629615183249,1784,22.0246913580247,17,19.3384172753628,39001,433.344444444444,100.5,824.785204058583,0.300000000000001,0.741809754165848,101,538,2362,9251,39001,23,77,2005,8186,31993
2003-03-30,89,30227,487.532258064516,175.5,802.834746439079,5249,78.3432835820896,36,116.798265896063,1629,20.3625,16,17.3994352811023,37105,416.910112359551,107,759.169966004281,0.303370786516851,0.731824809340029,103,520,2321,9003,37105,24,99,1969,8036,30227
2003-04-30,89,30167,486.564516129032,202,801.022044291894,5162,74.8115942028985,34,114.145324729992,1658,20.725,16.5,18.3240693893944,36987,415.584269662921,106,756.920507549997,0.303370786516851,0.729258959190945,115,543,2454,9049,36987,22,151,2227,8005,30167
2003-05-31,89,28424,458.451612903226,171.5,759.613074012336,4854,72.4477611940299,33,111.039753130196,1669,20.8625,15.5,18.6226646654153,34947,392.662921348315,76,721.238926869784,0.303370786516851,0.734376260938314,161,529,2137,8243,34947,24,134,1952,7295,28424
2003-06-30,89,29975,475.793650793651,197,768.575623469347,4703,71.2575757575758,27,111.533687302372,1689,20.5975609756098,15,18.5398201784516,36367,408.61797752809,75,731.810931022518,0.292134831460672,0.73185623588245,132,522,2177,8626,36367,24,100,2103,7892,29975
2003-07-31,89,30290,488.548387096774,198.5,781.023323625189,4671,71.8615384615385,28,110.791735494333,1717,21.1975308641975,16,18.7559455593996,36678,412.112359550562,74,739.114802840076,0.303370786516851,0.733654133053459,115,562,2199,8600,36678,18,147,2089,7847,30290
2003-08-31,89,31059,509.16393442623,197,834.181978154405,4432,68.1846153846154,26,98.5675359061765,1711,21.1234567901235,16,18.8576129958496,37202,418,74,775.108760696904,0.314606741573034,0.737532535703952,128,537,2205,8508,37202,34,221,2366,8885,31059
2003-09-30,89,32140,526.885245901639,201,911.615893132641,4429,68.1384615384615,28,95.2724509175982,1701,21,16,18.926172354705,38270,430,94,836.200334848055,0.314606741573034,0.739815562399626,138,520,2441,8805,38270,23,300,2531,8947,32140
2003-10-31,92,36407,520.1,152,937.052782606884,4473,68.8153846153846,28,98.9472543055914,1717,21.1975308641975,16,18.7872428479317,42597,463.010869565217,134.5,888.46760896965,0.239130434782609,0.740862287709586,153,664,2845,9394,42597,19,194,2302,8787,36407
2003-11-30,92,37282,525.098591549296,179,958.660466557814,4468,67.6969696969697,27.5,100.401497030974,1781,21.4578313253012,16,19.2063894378796,43531,473.163043478261,155.5,907.622110903885,0.228260869565215,0.73546463140211,169,591,3161,10060,43531,34,295,2689,8945,37282
2003-12-31,94,39335,554.014084507042,190,1050.28200965207,4627,71.1846153846154,28,107.861730398763,1853,22.0595238095238,16,19.6899773846763,45815,487.393617021277,146.5,985.024984324644,0.24468085106383,0.747376474767856,117,594,3072,10111,45815,28,330,2836,9172,39335
2004-01-31,94,42082,592.704225352113,180,1192.83752209794,4679,70.8939393939394,25.5,104.828670298493,1829,21.7738095238095,18,19.3934228016429,48590,516.914893617021,146,1107.64806199359,0.24468085106383,0.755196104618323,142,643,3211,10193,48590,31,425,2949,9391,42082
2004-02-28,94,42773,611.042857142857,189,1205.41570718244,4648,72.625,27,107.001631792927,1824,21.7142857142857,17,19.1528861133669,49245,523.882978723404,147.5,1113.75224418521,0.25531914893617,0.755437964325139,125,616,3116,10338,49245,21,322,2900,9855,42773
2004-03-31,94,45175,645.357142857143,193.5,1275.40546591446,4656,72.75,26,108.202925172442,1866,22.2142857142857,17,19.7612688172289,51697,549.968085106383,147,1175.4541419514,0.25531914893617,0.756364108539161,119,619,3153,10876,51697,37,340,3087,10448,45175
2004-04-30,96,46706,657.830985915493,195,1269.89393242018,4764,72.1818181818182,27.5,108.047982089285,1949,22.6627906976744,17.5,20.6651798444324,53419,556.447916666667,158,1169.2092412782,0.260416666666668,0.751069571063979,134,633,3497,11868,53419,36,457,3835,11614,46706
2004-05-31,97,48844,651.253333333333,201,1301.01417917501,4817,67.8450704225352,30,105.070132753227,1809,21.7951807228916,14,21.496885217452,55470,571.855670103093,143,1218.92210741782,0.226804123711339,0.755294122020077,136,606,3383,11492,55470,32,255,3355,11170,48844
2004-06-30,97,48988,720.411764705882,198,1356.26848963578,5251,73.9577464788732,31,109.140202965821,2022,22.7191011235955,17,21.2731097675643,56261,580.010309278351,103,1226.0870813864,0.298969072164947,0.764895277294686,184,655,2976,10360,56261,48,373,3407,11081,48988
2004-07-31,100,51191,764.044776119403,212,1460.98994492667,5516,75.5616438356164,32,106.814479134693,2049,22.7666666666667,15,21.3594438761085,58756,587.56,97,1293.5486412473,0.329999999999998,0.774741643406632,129,596,2862,10550,58756,40,478,3418,11270,51191
2004-08-31,100,53130,781.323529411765,181,1557.88274271048,5516,75.5616438356164,32,106.803946335404,2099,23.3222222222222,17,21.3366950768856,60745,607.45,97,1379.43103023374,0.32,0.784961889867478,139,615,2786,10418,60745,31,278,2896,10447,53130
2004-09-30,102,54200,763.380281690141,166,1561.55112780482,5969,79.5866666666667,36,113.050107681713,2138,23.7555555555556,18,21.3111307684907,62307,610.852941176471,97.5,1395.97902333994,0.303921568627452,0.787390992797523,135,644,2714,9578,62307,27,200,2595,10550,54200
2004-10-31,103,54186,763.183098591549,184,1505.03758196891,6486,85.3421052631579,37,124.252061298162,2118,23.5333333333333,17,21.5402419316012,62790,609.611650485437,99,1350.05265861721,0.310679611650485,0.780482638228522,131,647,3037,10275,62790,41,353,3053,11126,54186
2004-11-30,103,55075,775.704225352113,203,1461.58462336863,6766,89.0263157894737,36,131.368080718183,2087,23.1888888888889,16.5,21.1165276578465,63928,620.660194174757,121,1331.39381155208,0.310679611650485,0.774995352781588,141,713,3317,10723,63928,36,515,3336,11805,55075
2004-12-31,102,55909,776.513888888889,190,1490.03371729556,6768,89.0526315789474,35,135.538618824977,2046,22.9887640449438,16,20.7695660118042,64723,634.539215686274,96,1371.22243410522,0.294117647058822,0.777607772246917,189,811,3054,10567,64723,34,323,2920,10551,55909
2005-01-31,103,56197,780.513888888889,190,1521.6588519692,6765,89.0131578947368,35,135.546153853812,2088,23.2,16,21.106578132171,65050,631.553398058252,98,1392.9349303395,0.300970873786408,0.784067819377178,182,757,3024,10365,65050,32,320,2868,10236,56197
2005-02-28,103,58207,819.816901408451,203,1679.23913305877,6627,86.0649350649351,33,132.386628524813,2096,23.2888888888889,16.5,21.0201852932555,66930,649.805825242718,97,1515.42869142341,0.310679611650485,0.792503107869546,174,765,2991,10261,66930,49,396,3172,10884,58207
2005-03-31,103,58571,813.486111111111,194.5,1674.01403390768,6466,82.8974358974359,32.5,118.316721078834,2106,23.1428571428571,16,21.286704994522,67143,651.873786407767,107,1516.60038863766,0.300970873786408,0.790519987119216,159,768,3178,10446,67143,43,360,3018,10009,58571
2005-04-30,103,58359,778.12,179,1639.52329887915,6131,79.6233766233766,32,111.36628032628,2008,22.561797752809,14,21.0847613305848,66498,645.611650485437,97,1507.70382638575,0.271844660194176,0.792375973348495,156,730,3051,10229,66498,33,232,2738,10019,58359
2005-05-31,105,57994,794.438356164384,184,1664.66225291683,5878,77.3421052631579,31.5,109.970729758008,2016,21.4468085106383,14,21.555937246269,65888,627.504761904762,78,1498.44114591317,0.304761904761907,0.800735447165753,115,624,2548,9915,65888,31,212,2816,10757,57994
2005-06-30,105,58838,806,200,1689.86924214732,5873,77.2763157894737,31.5,109.998739227225,2073,22.2903225806452,14,22.0017690223355,66784,636.038095238095,83,1520.24790440326,0.304761904761907,0.798249652040978,143,671,2824,10259,66784,33,252,3131,10128,58838
2005-07-31,106,59324,812.657534246575,206,1704.75391853339,5991,76.8076923076923,30.5,107.971744463066,2004,21.7826086956522,14,21.8490455883071,67319,635.084905660377,87.5,1526.5264405423,0.311320754716981,0.798764233484786,154,685,2978,10423,67319,31,305,3301,10314,59324
2005-08-31,106,59672,806.378378378378,187,1727.21753199004,5950,76.2820512820513,30.5,108.358579501495,2003,21.7717391304348,14,21.6150655950532,67625,637.971698113208,88,1552.09568591598,0.30188679245283,0.802235273602344,153,674,2969,10093,67625,39,315,2889,9861,59672
2005-09-30,107,60214,802.853333333333,190,1724.17775697799,6167,79.0641025641026,30,121.862637141178,1987,21.3655913978495,15,21.5082314607771,68368,638.953271028037,90,1552.63394818002,0.299065420560748,0.801145423010382,124,640,2897,9893,68368,31,244,3057,10337,60214
2005-10-31,107,61106,825.756756756757,207,1727.65426376075,6297,80.7307692307692,30.5,118.864942793805,2389,25.1473684210526,17,23.8354145691232,69792,652.261682242991,95,1553.18205530264,0.308411214953271,0.792856584264271,151,803,3262,10966,69792,31,377,3412,11144,61106
2005-11-30,107,60632,797.789473684211,207,1707.13100700787,6963,89.2692307692308,29.5,133.594236701738,2360,25.1063829787234,16.5,24.8208497532902,69955,653.785046728972,93,1576.82353272622,0.289719626168225,0.793961137901066,164,823,3264,10983,69955,29,337,3760,11218,60632
2005-12-31,108,60070,790.394736842105,212.5,1686.62476426697,7241,91.6582278481013,30,138.040581739848,2419,26.010752688172,18,24.2489330216439,69730,645.648148148148,99,1554.25292517566,0.296296296296294,0.793511215216363,168,814,3612,11065,69730,29,303,3486,11259,60070
2006-01-31,107,61748,823.306666666667,205,1772.96560974355,7371,92.1375,30.5,140.737186052495,2692,28.9462365591398,22,25.1120816200342,71811,671.130841121495,117,1626.33875236252,0.299065420560748,0.790924046858725,191,881,3667,11441,71811,31,374,3597,11420,61748
2006-02-28,107,62808,826.421052631579,207,1849.05764296778,7522,94.025,32.5,142.540243040609,2704,29.0752688172043,23,25.0621993895621,73034,682.560747663551,117,1700.96594742334,0.289719626168225,0.794798940142844,190,889,3670,11490,73034,34,381,3609,11393,62808
2006-03-31,108,61591,789.628205128205,184,1830.60586882768,7501,93.7625,32.5,142.464496465486,2731,29.0531914893617,23,25.0596565729528,71823,665.027777777778,107.5,1694.19025655013,0.277777777777779,0.799913599326741,172,859,3475,11070,71823,28,196,2925,9891,61591
2006-04-30,109,62656,803.282051282051,183.5,1816.53454786023,7482,92.3703703703704,30,141.981199850935,2698,28.4,23,25.0808904114225,72836,668.220183486239,109,1678.37275887599,0.284403669724771,0.798196375317982,170,870,3350,11288,72836,32,183,3047,10722,62656
2006-05-31,108,63099,819.467532467532,191,1841.28982669912,7398,92.475,29.5,143.463749666438,2679,29.1195652173913,23,24.8741192969298,73176,677.555555555556,108,1699.81375743605,0.287037037037038,0.797966546408659,210,916,3470,11151,73176,31,309,3120,10716,63099
2006-06-30,108,62945,839.266666666667,202,1862.5330131907,7265,90.8125,32,141.366306994151,2589,27.8387096774194,21,24.5840573660623,72799,674.064814814815,106,1696.62472664096,0.305555555555554,0.798149318290392,170,873,3369,11050,72799,28,380,3456,11899,62945
2006-07-31,108,63026,851.702702702703,207.5,1873.4561990027,7246,90.575,33,139.380435127038,2618,28.4565217391304,21.5,24.8805555587412,72890,674.907407407407,105,1697.18058416649,0.314814814814813,0.79703663053917,169,853,3419,11152,72890,41,519,3486,12002,63026
2006-08-31,108,64036,901.915492957746,233,1914.70324255281,8046,100.575,35.5,151.243937005794,2623,28.5108695652174,21,25.1760808186936,74705,691.712962962963,127.5,1710.9952946014,0.342592592592592,0.791713703530181,190,889,3965,11830,74705,46,745,4171,14659,64036
2006-09-30,110,66309,933.929577464789,270,1859.54503901161,7947,98.1111111111111,35,152.025244614176,2696,28.989247311828,21,25.0492968848889,76952,699.563636363636,151,1662.41207825605,0.354545454545452,0.78186071128165,171,915,4253,13276,76952,69,1200,5116,16011,66309
2006-10-31,112,69732,942.324324324324,293.5,1822.29295652489,8476,99.7176470588235,39,160.391827645146,2640,27.7894736842105,21,24.5282705919248,80848,721.857142857143,155.5,1660.74915721543,0.339285714285712,0.772026121328206,150,986,4660,14438,80848,64,1648,5788,17823,69732
2006-11-30,113,70760,943.466666666667,301,1792.22053370712,8482,98.6279069767442,36,161.451726277301,2678,27.6082474226804,18,24.8300711088687,81920,724.955752212389,166,1640.33980250054,0.336283185840706,0.765917320589049,140,924,4955,15666,81920,76,1810,6391,19086,70760
2006-12-31,114,69146,921.946666666667,301,1807.07886494866,8695,101.104651162791,38,162.278049624331,2527,26.3229166666667,19,24.3377526928916,80368,704.982456140351,157,1644.2560842174,0.342105263157894,0.768023015182791,127,979,4628,15772,80368,110,1861,6456,18731,69146
2007-01-31,114,70252,924.368421052632,310,1799.1839249475,9208,105.83908045977,32,171.118337508587,2532,26.6526315789474,20,24.4339180113239,81992,719.228070175439,154.5,1660.93641908161,0.333333333333336,0.765661134248441,126,1143,4857,16335,81992,118,2094,6864,19175,70252
2007-02-28,114,70715,895.126582278481,291,1778.2989809992,9444,107.318181818182,32,176.691011906691,2592,27.8709677419355,21,25.3883856561856,82751,725.885964912281,156.5,1673.02400555524,0.307017543859651,0.764967381535856,152,1156,4964,16471,82751,73,1969,6139,18092,70715
2007-03-31,115,70839,908.192307692308,299,1782.56489696395,9596,109.045454545455,37,177.600799230035,2636,27.1752577319588,19,25.3311444953302,83071,722.35652173913,165,1665.42614109014,0.321739130434782,0.765694301312706,132,1114,5074,16756,83071,87,1985,6538,18098,70839
2007-04-30,115,71033,910.679487179487,299,1778.55847432317,9565,109.942528735632,37,178.976635887289,2679,27.0606060606061,20,25.5617771817643,83277,724.147826086957,165,1662.78223956156,0.321739130434782,0.76456122599747,145,1129,5110,17011,83277,90,1779,6602,18333,71033
2007-05-31,117,71064,899.544303797468,278,1796.84113703186,9551,109.781609195402,37,179.226790543555,2709,26.5588235294118,18.5,25.8853425895515,83324,712.17094017094,142,1673.3227335238,0.324786324786324,0.773334408325528,134,1058,4611,15461,83324,79,1577,5751,17846,71064
2007-06-30,117,71195,912.75641025641,289,1804.18329320439,9698,110.204545454545,35.5,185.343555437786,2723,26.6960784313725,19,26.2296745319722,83616,714.666666666667,134,1678.82396748233,0.333333333333332,0.772978262860581,123,1045,4659,15554,83616,95,1599,6238,18105,71195
2007-07-31,117,71428,904.151898734177,295,1793.07366880426,9602,109.113636363636,34,185.085095795084,2753,26.9901960784314,19,26.5316904097869,83783,716.094017094017,146,1677.92230915717,0.324786324786324,0.770614074148204,118,1064,4856,15861,83783,83,1810,6212,18465,71428
2007-08-31,119,71292,902.430379746835,289,1795.57085904023,9380,105.393258426966,32,178.952737410641,2656,26.0392156862745,17.5,25.4993385931026,83328,700.235294117647,128,1661.64820006452,0.336134453781515,0.776204231692677,106,1060,4436,15551,83328,64,1683,6039,18276,71292
2007-09-30,119,71186,912.641025641026,298,1804.89360750127,9537,107.157303370787,34,179.476821678785,2723,26.6960784313725,18.5,26.0698943306188,83446,701.226890756303,131,1663.54090613649,0.344537815126049,0.776545673274942,91,963,4366,15625,83446,61,1647,6386,18185,71186
2007-10-31,119,70580,904.871794871795,287,1806.78781740309,9414,102.326086956522,31,175.403027822028,2707,26.5392156862745,17.5,25.9190176628375,82701,694.966386554622,118,1661.51479758363,0.344537815126049,0.780491512453642,112,1085,4167,14942,82701,60,1458,6013,17586,70580
2007-11-30,119,70619,905.371794871795,288.5,1806.68469502736,9658,106.131868131868,32,182.946513664587,2729,26.7549019607843,17.5,25.9616763537951,83006,697.529411764706,117,1668.95038477466,0.344537815126049,0.780293902010122,97,945,4180,15047,83006,49,1420,5999,17597,70619
2007-12-31,119,70508,903.948717948718,286,1806.1191651977,11077,119.10752688172,33,194.821739165387,2724,26.7058823529412,17.5,25.8558794031221,84309,708.478991596639,138,1676.90676114442,0.344537815126049,0.776874504561103,124,1045,4550,15509,84309,54,1444,6001,17524,70508
2008-01-31,119,76752,882.206896551724,226,1798.09522045201,11254,119.723404255319,34,194.192034666902,2877,27.1415094339623,17,27.0320581036472,90883,763.72268907563,123,1744.9031050966,0.268907563025209,0.779949694301759,176,1112,4536,15956,90883,40,597,4613,15697,76752
2008-02-28,118,76351,877.597701149425,226,1782.70494408611,11418,125.472527472527,38,198.772082807272,2921,27.8190476190476,20,26.6475503825763,90690,768.559322033898,133,1738.03123978481,0.262711864406775,0.779108566900469,179,1061,4710,15622,90690,37,473,4431,15280,76351
2008-03-31,118,74788,849.863636363636,219.5,1727.72695787307,11370,124.945054945055,41,199.63145836696,2704,25.752380952381,18,24.9467821851224,88862,753.067796610169,116.5,1694.52210305959,0.254237288135599,0.778787256874017,174,1071,4432,15366,88862,46,332,4224,15227,74788
2008-04-30,117,74657,858.126436781609,220,1732.96946258336,11266,125.177777777778,38,198.339657470067,2731,25.7641509433962,18.5,25.2747010294757,88654,757.726495726496,124,1696.1727029827,0.256410256410255,0.776779755889553,215,1110,4417,15341,88654,45,408,4215,15216,74657
2008-05-31,117,74348,844.863636363636,221.5,1716.96998000131,11368,126.311111111111,48,196.908502361179,2702,25.4905660377358,16.5,24.9625415689451,88418,755.709401709402,126,1688.54044328756,0.247863247863251,0.775766546356245,196,1087,4479,15253,88418,58,396,4296,15271,74348
2008-06-30,119,74254,843.795454545455,213.5,1714.94902011351,11583,124.548387096774,41,202.871747670308,2680,25.2830188679245,15.5,24.5340403820143,88517,743.840336134454,131,1679.54473241701,0.260504201680675,0.779097553591518,153,1033,4302,15313,88517,48,457,4297,15394,74254
2008-07-31,119,74535,846.988636363636,219,1719.82043632547,11517,123.838709677419,37,202.749325325773,2582,24.8269230769231,16,23.6923822535513,88634,744.823529411765,126,1683.31949416671,0.260504201680675,0.781123126868819,144,979,4151,15162,88634,50,377,4234,15089,74535
2008-08-31,119,74517,887.107142857143,223.5,1741.46178742366,11519,123.860215053763,37,201.527621981932,2540,24.6601941747573,16,24.3679126038282,88576,744.336134453781,129,1675.14660262719,0.294117647058819,0.78069367197746,149,952,4111,15081,88576,54,707,4445,16523,74517
2008-09-30,117,74656,921.679012345679,240,1767.59106432427,11529,125.315217391304,38,203.862533372709,2569,25.4356435643564,18,25.0125631799638,88754,758.581196581197,147,1691.4691952882,0.307692307692307,0.777511412029293,178,1025,4342,15037,88754,52,990,5181,17813,74656
2008-10-31,119,75512,888.376470588235,224,1755.43631109104,12125,130.376344086022,45,220.039962476113,2606,26.06,17,25.2361853398062,90243,758.344537815126,143,1713.03620053854,0.285714285714285,0.782165650409626,134,961,4150,15297,90243,58,645,4489,16761,75512
2008-11-30,120,75561,899.535714285714,225,1763.07264265754,11675,124.202127659574,30,220.2903548173,2609,26.09,18.5,24.9403713126353,89845,748.708333333333,133.5,1709.07624759636,0.299999999999997,0.786362531767674,107,883,4111,14904,89845,56,782,4532,16842,75561
2008-12-31,120,77551,934.349397590361,227,1818.53809843428,11511,121.168421052632,29,226.376811299852,2630,26.3,18,25.7723130745403,91692,764.1,113.5,1753.62479050747,0.308333333333337,0.792800898660733,111,876,3695,14189,91692,80,707,4667,16758,77551
2009-01-31,120,78027,940.084337349398,227,1821.15102442825,10785,115.967741935484,28,216.607060165,2570,25.7,18,25.2516626115285,91382,761.516666666667,113,1741.89379691182,0.308333333333337,0.793308127785924,97,867,3644,13956,91382,88,722,4713,16917,78027
2009-02-28,120,77439,933,228,1799.09879878924,10629,115.532608695652,28,217.702864901973,2537,25.37,18.5,24.709485766982,90605,755.041666666667,113,1723.07977349057,0.308333333333337,0.792727314533783,95,889,3616,13963,90605,93,735,4747,16876,77439
2009-03-31,118,79370,944.880952380952,228.5,1792.36504863954,10328,117.363636363636,31,214.342629452048,2498,25.2323232323232,19,24.2402213748682,92196,781.322033898305,119.5,1731.86860638062,0.288135593220339,0.784456989567545,135,914,4079,14679,92196,84,928,4983,17898,79370
2009-04-30,117,79880,939.764705882353,224,1782.51042638411,10298,118.367816091954,41,210.745968260838,2457,24.8181818181818,19,24.1497723132731,92635,791.752136752137,130,1733.1778661235,0.27350427350428,0.780066975479077,144,1113,4322,14931,92635,89,989,5124,18088,79880
2009-05-31,117,80444,946.4,246,1796.83620235547,10939,128.694117647059,40,236.049279738333,2430,24.5454545454545,18,23.9204774060238,93813,801.820512820513,126,1761.24101826047,0.27350427350428,0.779813560728785,156,1106,4356,15462,93813,83,966,5242,18515,80444
2009-06-30,118,79944,940.517647058824,234,1798.18174442808,10993,129.329411764706,45,243.153948306481,2279,23.020202020202,17,22.4935273220396,93216,789.966101694915,113,1761.21669741442,0.279661016949156,0.784029038442517,124,1063,4226,15158,93216,80,917,5007,18176,79944
2009-07-31,118,78926,917.744186046512,238.5,1724.17781385486,11482,133.511627906977,47.5,247.29390678662,2302,23.2525252525253,18,22.6613684738819,92710,785.677966101695,118,1709.38092398126,0.271186440677965,0.778683666399141,140,1084,4432,15629,92710,93,929,5075,18396,78926
2009-08-31,116,80906,919.386363636364,252,1754.86282289193,12212,140.367816091954,49,267.810594079079,2301,23.4795918367347,17,22.8735788660403,95419,822.577586206897,153.5,1769.00363088998,0.241379310344826,0.772726081807606,212,1287,5047,17339,95419,66,935,5355,17634,80906
2009-09-30,116,81595,927.215909090909,251,1759.93453671922,12222,140.48275862069,50,268.713509672799,2258,23.0408163265306,16,22.8635208332783,96075,828.23275862069,153.5,1773.88376834932,0.241379310344826,0.773135660897108,209,1294,5079,17372,96075,66,807,5350,17697,81595
2009-10-31,116,82656,950.068965517241,260,1804.98694057701,12645,145.344827586207,46,283.884918854749,2269,23.1530612244898,16.5,22.4849787387672,97570,841.120689655172,144.5,1820.14126138448,0.25,0.775823723374554,174,1350,5047,17512,97570,78,950,5477,17794,82656
2009-11-30,115,83063,954.747126436782,269,1815.29081031362,12700,145.977011494253,50,292.016843135265,2350,23.9795918367347,16.5,23.6486217605147,98113,853.15652173913,154,1849.84394121909,0.243478260869566,0.773997684125536,165,1329,5185,17655,98113,66,1089,5724,17911,83063
2009-12-31,115,83086,955.011494252874,244,1821.87601047403,12794,148.767441860465,48.5,292.427876454172,2314,23.8556701030928,17,24.000863565506,98194,853.860869565217,140,1855.44900645656,0.243478260869566,0.777569868344033,145,1248,4865,17437,98194,86,1028,5384,17751,83086
2010-01-31,115,84631,972.770114942529,243,1850.00486298009,12867,151.376470588235,49,296.867734556533,2348,24.2061855670103,19,23.6039095209573,99846,868.226086956522,140,1885.72209195455,0.243478260869566,0.779026831755687,141,1229,4786,17612,99846,62,1004,5368,17973,84631
2010-02-28,115,85266,968.931818181818,241.5,1856.35379725557,12933,153.964285714286,52.5,294.417883756044,2348,24.4583333333333,19,23.963532235315,100547,874.321739130435,149,1895.37289553263,0.234782608695653,0.777306221922606,171,1365,4992,18141,100547,55,940,5469,18449,85266
2010-03-31,115,86458,993.770114942529,251,1866.2938818726,13054,155.404761904762,54,297.869791196038,2314,24.6170212765957,19.5,23.613421726964,101826,885.44347826087,168,1902.48244656727,0.243478260869566,0.774820815389253,148,1348,5113,18503,101826,59,1223,5782,19110,86458
2010-04-30,115,86360,992.64367816092,244,1839.51868058184,13221,157.392857142857,56.5,301.349855433932,2304,24.2526315789474,20,22.9342113775852,101885,885.95652173913,160,1879.61953219591,0.243478260869566,0.77386994288104,167,1326,5130,18477,101885,55,1196,5775,18992,86360
2010-05-31,116,86122,989.908045977012,245,1843.46279714818,13437,156.244186046512,57.5,305.554998844302,2329,24.5157894736842,20,24.0198779196389,101888,878.344827586207,141,1882.51051664456,0.25,0.778966898067926,151,1229,4806,18098,101888,68,933,5376,18695,86122
2010-06-30,117,84784,985.860465116279,233.5,1840.04523705767,13512,155.310344827586,60,315.632819878991,2349,24.9893617021277,20,23.7461914007238,100645,860.213675213675,133,1875.88576240785,0.264957264957268,0.782271443208399,138,1115,4445,16824,100645,78,978,5443,19946,84784
2010-07-31,116,83899,987.047058823529,229,1853.57913691504,13648,156.873563218391,52,316.360326085426,2332,24.8085106382979,20,23.592087517998,99879,861.025862068965,131,1886.13464622046,0.267241379310345,0.784073125033014,134,1117,4451,17382,99879,71,795,4961,19014,83899
2010-08-31,116,83631,983.894117647059,238,1853.46538385038,13970,160.574712643678,48,328.48346502522,2321,24.6914893617021,20,23.4539249051598,99922,861.396551724138,124.5,1887.80523534519,0.267241379310345,0.784620624776981,192,1152,4450,17297,99922,71,746,4941,18778,83631
2010-09-30,116,83664,996,249.5,1860.00647103422,13975,160.632183908046,46,329.702512667296,2306,24.2736842105263,19,23.0773178247456,99945,861.594827586207,116,1885.63699295236,0.275862068965516,0.783249149100971,158,1177,4475,17531,99945,65,884,4963,18991,83664
2010-10-31,116,83116,977.835294117647,241,1827.75616305804,14037,163.220930232558,46,337.168465525777,2353,24.2577319587629,19,23.7294992004131,99506,857.810344827586,117,1870.51050884996,0.267241379310345,0.782702585253913,160,1171,4430,17432,99506,49,664,4848,19142,83116
2010-11-30,118,82958,975.976470588235,247,1816.35807105783,13931,160.126436781609,43,327.152898063848,2341,24.1340206185567,19,23.9302932432493,99230,840.932203389831,123.5,1844.71137217896,0.279661016949156,0.784051262518,131,1043,4433,16583,99230,43,743,5157,19454,82958
2010-12-31,115,82014,988.120481927711,258,1814.26556663645,14322,168.494117647059,49,341.863228831196,2302,23.7319587628866,19,23.2645632991097,98638,857.721739130435,135,1853.15594986587,0.278260869565216,0.777991020305253,167,1258,4767,17579,98638,69,1058,5591,19272,82014
2011-01-31,115,82189,990.228915662651,266,1813.09182314457,14377,169.141176470588,51,341.676683463196,2264,23.340206185567,19,22.9278245251713,98830,859.391304347826,149,1852.91279793892,0.278260869565216,0.777143183947842,145,1162,4819,17775,98830,70,1063,5612,19463,82189
2011-02-28,114,82360,992.289156626506,260,1813.87449165215,14526,172.928571428571,52,352.453356247979,2226,22.9484536082474,17,23.0499327249654,99112,869.40350877193,149,1861.62871748302,0.271929824561401,0.775620492428908,151,1210,4722,17935,99112,67,1057,5539,19535,82360
2011-03-31,114,82290,1003.53658536585,263.5,1822.92636256552,14703,175.035714285714,52.5,357.850592988042,2228,22.9690721649485,16,23.0775204511191,99221,870.359649122807,140,1865.68640777669,0.280701754385962,0.776337228412846,161,1214,4571,17879,99221,65,1122,5392,19412,82290
2011-04-30,115,82482,993.759036144578,269,1803.81226776122,14669,174.630952380952,49.5,358.994908168136,2214,23.0625,17,22.6422113946961,99365,864.04347826087,134,1852.54451087139,0.278260869565216,0.776721923343667,144,1111,4698,18074,99365,53,1118,5736,19722,82482
2011-05-31,114,82428,981.285714285714,268.5,1797.40887512324,14349,170.821428571429,48.5,349.036993955858,2215,23.0729166666667,17.5,22.7504747396003,98992,868.350877192982,131.5,1854.85385719412,0.263157894736842,0.775061036298519,150,1150,4929,18029,98992,45,1091,5359,19733,82428
2011-06-30,115,83399,981.164705882353,270,1793.43400881593,14206,169.119047619048,46.5,353.841139385987,2209,23.0104166666667,18,22.7464258808033,99814,867.947826086957,131,1855.54905499683,0.260869565217391,0.773219579722632,151,1130,4885,18864,99814,43,1128,5785,20609,83399
2011-07-31,114,83362,1042.025,277.5,1829.88980075615,13627,166.182926829268,47,351.477274893608,1830,19.6774193548387,14,21.0806738663447,98819,866.833333333333,142,1852.80162851593,0.298245614035086,0.775044769961314,147,1054,4526,18327,98819,79,1461,6512,22225,83362
2011-08-31,114,83177,1002.13253012048,273,1747.83025610978,14062,171.487804878049,50.5,350.618615349627,2179,22.6979166666667,14,24.9842560074462,99418,872.087719298246,142,1809.226752943,0.271929824561401,0.771227314902559,158,1116,4728,18696,99418,51,1276,5930,20563,83177
2011-09-30,114,83034,988.5,264.5,1728.30772792626,14310,174.512195121951,48,355.379617717377,2134,22.2291666666667,14.5,25.8157353755894,99478,872.614035087719,141.5,1800.72139678181,0.263157894736842,0.770482797395385,154,1233,4710,18754,99478,46,1176,5440,20791,83034
2011-10-31,114,83028,988.428571428571,265.5,1725.71971565639,14239,173.646341463415,45,355.890029205209,2027,20.8969072164948,14,21.9257670599773,99294,871,149.5,1794.0570920563,0.263157894736842,0.769970376825299,135,1150,4724,18740,99294,41,1330,5451,20761,83028
2011-11-30,115,82356,980.428571428571,266,1724.6988302534,14306,174.463414634146,50.5,357.043006543371,1986,20.265306122449,13.5,22.2490824647642,98648,857.808695652174,132,1789.49172385577,0.269565217391307,0.773401607119562,133,1089,4539,18786,98648,36,1016,5424,20415,82356
2011-12-31,114,82730,984.880952380952,266,1742.48266593347,14302,174.414634146341,48,359.241070791873,1984,20.4536082474227,13,21.9526102370523,99016,868.561403508772,129,1804.89173080079,0.263157894736842,0.771999279932075,135,1091,4506,18834,99016,35,1005,5471,20364,82730
2012-01-31,115,82537,982.583333333333,276,1736.80386563097,14494,174.626506024096,51,360.093440137871,1996,20.3673469387755,13,22.3428707027369,99027,861.104347826087,128,1791.26630879275,0.269565217391307,0.772001136273332,136,1121,4584,19148,99027,41,1020,5588,20575,82537
2012-02-28,118,82411,936.488636363636,236,1708.21795289185,14476,172.333333333333,47.5,356.991185923839,2039,20.8061224489796,12.5,22.8494210999624,98926,838.35593220339,120.5,1772.45119530859,0.254237288135599,0.777305207076544,120,915,4327,19170,98926,34,653,5202,19166,82411
2012-03-31,117,82506,948.344827586207,220,1715.13067389879,14426,171.738095238095,49,355.282108137454,2057,20.57,11.5,23.2449646985833,98989,846.059829059829,115,1775.12064811244,0.256410256410255,0.775063930525649,131,1009,4131,18271,98989,48,700,5386,19392,82506
2012-04-30,117,82656,939.272727272727,261.5,1702.4037888812,14340,170.714285714286,47,355.642895600418,2036,20.5656565656566,12,23.2234758143835,99032,846.42735042735,128,1768.44519825905,0.247863247863251,0.774024695807553,129,1019,4264,18398,99032,43,601,5573,19505,82656
2012-05-31,117,82298,945.954022988506,275,1685.37672214136,14497,174.66265060241,50,366.651036229953,2305,22.8217821782178,13,25.032936719292,99100,847.008547008547,133,1748.88957625298,0.256410256410255,0.770771818158297,143,1297,4560,18667,99100,49,844,5655,19582,82298
2012-06-30,120,81443,925.488636363636,250.5,1679.6320751627,14098,169.855421686747,45,341.96298945832,2316,22.2692307692308,13,24.8033942123066,97857,815.475,115.5,1719.70180609627,0.266666666666666,0.779830858633858,108,955,4072,17799,97857,39,492,5103,18674,81443
2012-07-31,119,81247,933.873563218391,271,1676.33471850911,13553,165.280487804878,44,344.200138248272,2139,20.7669902912621,14,23.1254905124428,96939,814.613445378151,122,1712.74204331427,0.268907563025209,0.780072992276788,99,952,3879,17389,96939,41,589,5030,18634,81247
2012-08-31,115,81215,933.505747126437,273,1669.67050692967,13493,166.58024691358,43,339.267514809388,2014,20.3434343434343,12,22.5366647371053,96722,841.060869565217,146,1726.9059609651,0.243478260869566,0.771097803386308,119,1037,4401,18736,96722,39,594,5122,18962,81215
2012-09-30,116,81623,917.112359550562,211,1651.77036868574,13550,163.253012048193,43,335.871993741427,2026,20.6734693877551,12.5,22.9983305132342,97199,837.922413793103,137.5,1720.23852315216,0.232758620689651,0.773045859347922,186,1019,4373,18729,97199,43,488,4764,19088,81623
2012-10-31,115,81671,928.079545454545,224,1653.41512975445,13635,166.280487804878,44,338.138742595704,2000,20.4081632653061,13,22.6378192525065,97306,846.139130434783,136,1724.06746157216,0.234782608695653,0.770691114270624,188,1019,4382,18769,97306,40,478,5292,19137,81671
2012-11-30,113,80913,919.465909090909,214,1643.48543943323,12641,152.301204819277,42,324.334016888031,2002,20.8541666666667,13.5,22.874016132614,95556,845.628318584071,133,1711.70585441776,0.221238938053098,0.76872515472556,155,1056,4497,18176,95556,62,549,5259,18849,80913
2012-12-31,115,79741,906.147727272727,205.5,1638.56485804431,12369,154.6125,42,323.023551821915,1971,20.319587628866,13,22.4283797117591,94081,818.095652173913,127,1692.66924559435,0.234782608695653,0.776096083716945,112,938,4064,17508,94081,37,533,4922,18323,79741
2013-01-31,114,79031,887.988764044944,210,1611.15181479799,12215,156.602564102564,40.5,324.106177076763,1998,20.8125,13,22.7398618243268,93244,817.929824561404,126.5,1677.87262439805,0.219298245614034,0.773508026855781,103,1086,4063,17375,93244,40,537,4570,18229,79031
2013-02-28,114,79047,878.3,203.5,1607.16643978417,12489,162.194805194805,44,337.631340485332,1832,19.4893617021277,13,21.1124713084349,93368,819.017543859649,131,1683.75787037839,0.210526315789473,0.77388586494941,98,1086,4155,17322,93368,42,419,4470,18146,79047
2013-03-31,116,78162,868.466666666667,204,1586.39779360366,12551,160.910256410256,43.5,330.602723329165,1828,19.2421052631579,13,20.8728245341007,92541,797.76724137931,126.5,1652.78799691419,0.224137931034484,0.776402649487329,104,941,4076,17334,92541,47,347,4445,18124,78162
2013-04-30,116,77974,866.377777777778,203.5,1583.13999308427,12562,161.051282051282,47.5,326.62746949622,1871,19.4895833333333,13,20.9098288606688,92407,796.612068965517,126.5,1649.55115250259,0.224137931034484,0.775201479362474,102,964,4161,17459,92407,46,341,4367,18164,77974
2013-05-31,116,76245,847.166666666667,204.5,1584.01026589852,12460,157.721518987342,46,323.782173402193,1846,19.6382978723404,13.5,20.2738515121356,90551,780.612068965517,120.5,1646.34364193243,0.224137931034484,0.779174833462111,103,982,4038,16507,90551,45,325,4069,16895,76245
2013-06-30,114,76752,852.8,203,1555.81679259958,12626,155.876543209877,45,319.91910628767,1838,19.5531914893617,13.5,20.4411649928279,91216,800.140350877193,133.5,1630.35129434094,0.210526315789473,0.772672807479143,125,1053,4076,16537,91216,45,331,4098,17184,76752
2013-07-31,115,82551,887.645161290323,180,1556.67238912647,13216,165.2,47,335.078354713444,1835,19.5212765957447,12.5,20.3621664370148,97602,848.713043478261,148,1655.06715698386,0.19130434782609,0.763902557235552,120,1070,4540,18653,97602,51,528,4430,20125,82551
2013-08-31,116,82395,885.967741935484,185,1546.56887033434,12936,159.703703703704,41,322.550168363173,1844,19.4105263157895,14,20.1401973076826,97175,837.715517241379,153,1637.8157607594,0.198275862068968,0.764834949389209,123,1078,4581,18612,97175,58,537,4461,20133,82395
2013-09-30,117,82558,859.979166666667,176.5,1533.24151274465,12709,156.901234567901,49,319.484608586168,1890,19.6875,13.5,20.8737117472016,97157,830.401709401709,130,1630.99586703122,0.179487179487182,0.765925167028536,109,1058,4356,17582,97157,48,462,4081,20232,82558
2013-10-31,119,83611,870.947916666667,188.5,1533.55357787269,12811,156.231707317073,45,317.225794834153,1889,19.8842105263158,15,20.0355339429909,98311,826.142857142857,130,1623.59046709526,0.193277310924366,0.767158141343424,81,955,4154,18281,98311,48,464,4309,21174,83611
2013-11-30,120,83500,860.824742268041,197,1525.78922207977,12917,159.469135802469,50,319.333606375048,1850,19.4736842105263,14,20.3113227542392,98267,818.891666666667,120.5,1620.69786709323,0.19166666666667,0.768471528251261,76,928,4316,18368,98267,39,387,4179,19699,83500
2013-12-31,122,83279,858.546391752577,197,1528.76965114529,13057,155.440476190476,48,313.608894298142,1864,20.0430107526882,15,20.7201403693073,98200,804.918032786885,112,1611.19952537891,0.204918032786885,0.773291542853327,77,854,3966,17182,98200,52,367,4008,19128,83279
2014-01-31,123,83702,854.102040816327,186,1522.71625511913,13180,153.255813953488,44,314.896628642649,1857,19.5473684210526,15,20.7542707325364,98739,802.756097560976,115,1607.51253388002,0.203252032520325,0.773296471760938,71,798,4069,17557,98739,41,345,4074,19543,83702
2014-02-28,122,83424,860.041237113402,176,1530.8720344241,13061,150.126436781609,39,312.946046490286,1865,19.2268041237113,13,20.7813544005594,98350,806.147540983607,122,1615.98793400357,0.204918032786885,0.772866893913507,81,905,4142,17130,98350,49,462,4054,19222,83424
