"date","mission.continent","n.missions","troops","police","observers","total"
1990-11-30,"Africa",1,67,0,0,67
1990-11-30,"Asia",6,9795,44,0,9839
1990-11-30,"South America",1,423,0,0,423
1990-12-31,"Africa",1,67,0,0,67
1990-12-31,"Asia",6,9795,44,0,9839
1990-12-31,"South America",1,423,0,0,423
1991-01-31,"Africa",1,67,0,0,67
1991-01-31,"Asia",6,9795,44,0,9839
1991-01-31,"South America",1,423,0,0,423
1991-02-28,"Africa",1,67,0,0,67
1991-02-28,"Asia",6,9795,44,0,9839
1991-02-28,"South America",1,423,0,0,423
1991-03-31,"Africa",1,61,0,0,61
1991-03-31,"Asia",5,9482,37,0,9519
1991-03-31,"South America",1,201,0,0,201
1991-04-30,"Africa",1,61,0,0,61
1991-04-30,"Asia",6,10415,38,0,10453
1991-04-30,"South America",1,199,0,0,199
1991-05-31,"Africa",1,61,0,0,61
1991-05-31,"Asia",6,10425,38,0,10463
1991-05-31,"South America",1,176,0,0,176
1991-06-30,"Africa",1,65,0,0,65
1991-06-30,"Asia",6,10421,38,0,10459
1991-06-30,"South America",1,171,0,0,171
1991-07-31,"Africa",1,241,0,0,241
1991-07-31,"Asia",6,10408,37,0,10445
1991-07-31,"South America",1,175,0,0,175
1991-08-31,"Africa",1,224,0,0,224
1991-08-31,"Asia",6,10399,37,0,10436
1991-08-31,"South America",1,175,0,0,175
1991-09-30,"Africa",2,568,65,0,633
1991-09-30,"Asia",6,10380,38,0,10418
1991-09-30,"South America",2,190,26,0,216
1991-10-31,"Africa",2,670,0,0,670
1991-10-31,"Asia",6,10124,0,0,10124
1991-10-31,"South America",2,187,0,0,187
1991-11-30,"Africa",2,681,90,0,771
1991-11-30,"Asia",7,10326,38,0,10364
1991-11-30,"South America",2,202,27,0,229
1991-12-31,"Africa",2,688,90,0,778
1991-12-31,"Asia",7,10286,38,0,10324
1991-12-31,"South America",2,162,27,0,189
1992-01-31,"Africa",2,699,80,0,779
1992-01-31,"Asia",7,10256,38,0,10294
1992-01-31,"South America",2,509,27,0,536
1992-02-29,"Africa",2,714,86,0,800
1992-02-29,"Asia",7,10959,37,0,10996
1992-02-29,"South America",1,359,263,0,622
1992-03-31,"Africa",2,699,86,0,785
1992-03-31,"Asia",7,13197,152,0,13349
1992-03-31,"South America",1,287,256,0,543
1992-04-30,"Africa",2,635,89,0,724
1992-04-30,"Asia",7,13231,393,0,13624
1992-04-30,"Europe",1,9709,307,0,10016
1992-04-30,"South America",1,291,343,0,634
1992-05-31,"Africa",2,635,89,0,724
1992-05-31,"Asia",7,13231,393,0,13624
1992-05-31,"Europe",1,9709,307,0,10016
1992-05-31,"South America",1,291,343,0,634
1992-06-30,"Africa",2,635,89,0,724
1992-06-30,"Asia",7,13231,393,0,13624
1992-06-30,"Europe",1,9709,307,0,10016
1992-06-30,"South America",1,291,343,0,634
1992-07-31,"Africa",2,635,89,0,724
1992-07-31,"Asia",7,13231,393,0,13624
1992-07-31,"Europe",1,9709,307,0,10016
1992-07-31,"South America",1,291,343,0,634
1992-08-31,"Africa",3,1019,118,595,1732
1992-08-31,"Asia",7,22725,2857,1023,26605
1992-08-31,"Europe",1,14062,600,234,14896
1992-08-31,"South America",1,8,311,286,605
1992-09-30,"Africa",3,130,111,654,895
1992-09-30,"Asia",7,22719,2747,1018,26484
1992-09-30,"Europe",1,15378,600,219,16197
1992-09-30,"South America",1,8,311,238,557
1992-10-31,"Africa",3,672,94,565,1331
1992-10-31,"Asia",7,23156,3240,1002,27398
1992-10-31,"Europe",1,14095,610,251,14956
1992-10-31,"South America",1,8,308,227,543
1992-11-30,"Africa",3,641,66,469,1176
1992-11-30,"Asia",7,23032,3200,990,27222
1992-11-30,"Europe",1,21084,617,362,22063
1992-11-30,"South America",1,7,303,220,530
1992-12-31,"Africa",3,718,87,484,1289
1992-12-31,"Asia",7,23260,3390,1023,27673
1992-12-31,"Europe",1,21790,624,341,22755
1992-12-31,"South America",1,7,312,218,537
1993-01-31,"Africa",4,776,45,458,1279
1993-01-31,"Asia",7,21604,4250,1011,26865
1993-01-31,"Europe",1,21285,622,774,22681
1993-01-31,"South America",1,942,298,130,1370
1993-02-28,"Africa",4,1066,54,446,1566
1993-02-28,"Asia",7,21665,4252,990,26907
1993-02-28,"Europe",1,22156,601,772,23529
1993-02-28,"South America",1,942,294,105,1341
1993-03-31,"Africa",4,2083,80,395,2558
1993-03-31,"Asia",7,21374,4246,983,26603
1993-03-31,"Europe",1,22156,621,772,23549
1993-03-31,"South America",1,943,286,105,1334
1993-04-30,"Africa",4,3996,498,444,4938
1993-04-30,"Asia",7,21682,4217,977,26876
1993-04-30,"Europe",1,22855,621,787,24263
1993-04-30,"South America",1,940,288,91,1319
1993-05-31,"Africa",4,21491,52,462,22005
1993-05-31,"Asia",7,21969,4212,955,27136
1993-05-31,"Europe",1,22819,621,755,24195
1993-05-31,"South America",1,937,302,79,1318
1993-06-30,"Africa",5,26049,58,524,26631
1993-06-30,"Asia",7,21033,3780,945,25758
1993-06-30,"Europe",1,22706,649,758,24113
1993-06-30,"South America",1,933,312,49,1294
1993-07-31,"Africa",5,24097,291,473,24861
1993-07-31,"Asia",7,21510,4131,973,26614
1993-07-31,"Europe",1,23452,618,830,24900
1993-07-31,"South America",1,923,315,44,1282
1993-08-31,"Africa",5,28507,292,522,29321
1993-08-31,"Asia",7,17945,1758,924,20627
1993-08-31,"Europe",1,23405,598,817,24820
1993-08-31,"South America",1,77,325,40,442
1993-09-30,"Africa",6,31941,290,646,32877
1993-09-30,"Asia",8,15678,748,812,17238
1993-09-30,"Europe",1,24044,641,927,25612
1993-09-30,"South America",1,68,326,37,431
1993-10-31,"Africa",7,35343,54,735,36132
1993-10-31,"Asia",8,11087,54,567,11708
1993-10-31,"Europe",1,25259,653,963,26875
1993-10-31,"South America",1,28,278,32,338
1993-11-30,"Africa",7,36077,60,829,36966
1993-11-30,"Asia",7,7982,36,515,8533
1993-11-30,"Europe",1,24638,674,973,26285
1993-11-30,"South America",1,25,276,32,333
1993-12-31,"Africa",7,33197,62,1052,34311
1993-12-31,"Asia",7,7815,35,514,8364
1993-12-31,"Europe",1,25692,675,579,26946
1993-12-31,"South America",1,4,276,30,310
1994-01-31,"Africa",7,31471,169,1165,32805
1994-01-31,"Asia",7,8347,33,536,8916
1994-01-31,"Europe",1,27107,675,579,28361
1994-01-31,"South America",1,4,274,30,308
1994-02-28,"Africa",7,30641,229,1191,32061
1994-02-28,"Asia",7,8391,35,536,8962
1994-02-28,"Europe",1,29249,675,581,30505
1994-02-28,"South America",1,4,276,30,310
1994-03-31,"Africa",7,26816,317,1274,28407
1994-03-31,"Asia",7,8427,35,533,8995
1994-03-31,"Europe",1,30889,675,578,32142
1994-03-31,"South America",1,4,270,28,302
1994-04-30,"Africa",7,25496,331,1230,27057
1994-04-30,"Asia",7,8439,40,528,9007
1994-04-30,"Europe",1,33298,664,593,34555
1994-04-30,"South America",1,4,272,27,303
1994-05-31,"Africa",7,24645,576,1216,26437
1994-05-31,"Asia",7,8338,34,533,8905
1994-05-31,"Europe",1,33704,671,565,34940
1994-05-31,"South America",1,4,220,26,250
1994-06-30,"Africa",7,23875,934,1322,26131
1994-06-30,"Asia",7,8404,34,505,8943
1994-06-30,"Europe",1,35135,634,596,36365
1994-06-30,"South America",1,4,153,40,197
1994-07-31,"Africa",7,24214,1051,1181,26446
1994-07-31,"Asia",7,8319,34,536,8889
1994-07-31,"Europe",1,36430,674,622,37726
1994-07-31,"South America",1,4,172,39,215
1994-08-31,"Africa",7,26530,1010,1262,28802
1994-08-31,"Asia",7,8365,35,541,8941
1994-08-31,"Europe",1,37442,644,623,38709
1994-08-31,"South America",1,2,170,35,207
1994-09-30,"Africa",6,27370,1198,1351,29919
1994-09-30,"Asia",7,8365,35,559,8959
1994-09-30,"Europe",1,38318,938,637,39893
1994-09-30,"South America",2,2,152,21,175
1994-10-31,"Africa",6,25089,1280,1161,27530
1994-10-31,"Asia",7,8242,21,595,8858
1994-10-31,"Europe",1,38223,962,603,39788
1994-10-31,"South America",2,8,165,25,198
1994-11-30,"Africa",6,24784,1123,1027,26934
1994-11-30,"Asia",7,8294,48,607,8949
1994-11-30,"Europe",1,37855,976,710,39541
1994-11-30,"South America",2,8,50,17,75
1994-12-31,"Africa",6,19266,1123,1047,21436
1994-12-31,"Asia",8,8229,35,630,8894
1994-12-31,"Europe",1,38306,764,719,39789
1994-12-31,"South America",2,16,71,19,106
1995-01-31,"Africa",5,14460,271,927,15658
1995-01-31,"Asia",8,8229,34,635,8898
1995-01-31,"Europe",1,38181,775,694,39650
1995-01-31,"South America",2,18,71,23,112
1995-02-28,"Africa",4,7277,304,1026,8607
1995-02-28,"Asia",8,8229,34,651,8914
1995-02-28,"Europe",1,38217,773,716,39706
1995-02-28,"South America",2,354,180,23,557
1995-03-31,"Africa",4,6409,326,920,7655
1995-03-31,"Asia",8,8052,34,653,8739
1995-03-31,"Europe",1,37521,732,677,38930
1995-03-31,"South America",2,5668,747,22,6437
1995-04-30,"Africa",4,5698,314,927,6939
1995-04-30,"Asia",8,8005,35,665,8705
1995-04-30,"Europe",3,37958,726,676,39360
1995-04-30,"South America",2,5970,812,9,6791
1995-05-31,"Africa",4,8496,392,945,9833
1995-05-31,"Asia",8,8019,135,677,8831
1995-05-31,"Europe",3,38260,619,667,39546
1995-05-31,"South America",1,6091,774,0,6865
1995-06-30,"Africa",4,8741,391,943,10075
1995-06-30,"Asia",8,8022,133,674,8829
1995-06-30,"Europe",3,39671,571,658,40900
1995-06-30,"South America",1,6043,750,0,6793
1995-07-31,"Africa",4,6874,379,937,8190
1995-07-31,"Asia",8,8039,133,677,8849
1995-07-31,"Europe",3,42490,511,674,43675
1995-07-31,"South America",1,5834,743,0,6577
1995-08-31,"Africa",4,6010,384,936,7330
1995-08-31,"Asia",8,8051,132,666,8849
1995-08-31,"Europe",3,44953,473,638,46064
1995-08-31,"South America",1,5912,735,0,6647
1995-09-30,"Africa",4,6245,416,903,7564
1995-09-30,"Asia",8,8036,80,670,8786
1995-09-30,"Europe",3,38301,501,645,39447
1995-09-30,"South America",1,5963,738,0,6701
1995-10-31,"Africa",4,7482,426,911,8819
1995-10-31,"Asia",8,7841,80,673,8594
1995-10-31,"Europe",3,34926,431,610,35967
1995-10-31,"South America",1,5957,732,0,6689
1995-11-30,"Africa",4,7478,427,915,8820
1995-11-30,"Asia",8,7840,79,668,8587
1995-11-30,"Europe",3,28720,357,524,29601
1995-11-30,"South America",1,5795,405,0,6200
1995-12-31,"Africa",4,7670,369,879,8918
1995-12-31,"Asia",8,7814,80,656,8550
1995-12-31,"Europe",3,6847,280,472,7599
1995-12-31,"South America",1,5665,369,0,6034
1996-01-31,"Africa",4,7616,328,827,8771
1996-01-31,"Asia",8,7841,35,655,8531
1996-01-31,"Europe",6,6014,419,268,6701
1996-01-31,"South America",1,4778,369,0,5147
1996-02-29,"Africa",4,7262,344,824,8430
1996-02-29,"Asia",8,7784,35,651,8470
1996-02-29,"Europe",6,4242,668,171,5081
1996-02-29,"South America",1,4100,298,0,4398
1996-03-31,"Africa",4,7301,297,688,8286
1996-03-31,"Asia",8,7722,43,639,8404
1996-03-31,"Europe",5,4493,1412,164,6069
1996-03-31,"South America",1,2502,197,0,2699
1996-04-30,"Africa",3,6682,278,612,7572
1996-04-30,"Asia",8,7767,35,638,8440
1996-04-30,"Europe",5,5741,1630,162,7533
1996-04-30,"South America",1,1858,255,0,2113
1996-05-31,"Africa",3,6764,279,590,7633
1996-05-31,"Asia",8,7682,35,638,8355
1996-05-31,"Europe",5,6495,1986,161,8642
1996-05-31,"South America",1,1831,292,0,2123
1996-06-30,"Africa",3,6761,279,605,7645
1996-06-30,"Asia",8,7626,35,626,8287
1996-06-30,"Europe",5,6155,2075,162,8392
1996-06-30,"South America",1,1831,244,0,2075
1996-07-31,"Africa",3,6440,280,641,7361
1996-07-31,"Asia",8,7400,33,621,8054
1996-07-31,"Europe",5,5762,2117,214,8093
1996-07-31,"South America",1,1267,272,0,1539
1996-08-31,"Africa",3,6718,272,572,7562
1996-08-31,"Asia",8,7634,33,589,8256
1996-08-31,"Europe",5,5983,2187,160,8330
1996-08-31,"South America",1,1217,271,0,1488
1996-09-30,"Africa",3,6695,252,567,7514
1996-09-30,"Asia",8,7672,33,588,8293
1996-09-30,"Europe",5,5850,2151,160,8161
1996-09-30,"South America",1,1272,270,0,1542
1996-10-31,"Africa",3,6689,246,571,7506
1996-10-31,"Asia",8,7613,35,582,8230
1996-10-31,"Europe",5,6094,2200,154,8448
1996-10-31,"South America",1,1300,286,0,1586
1996-11-30,"Africa",3,6691,255,588,7534
1996-11-30,"Asia",8,7650,35,584,8269
1996-11-30,"Europe",5,5927,2194,160,8281
1996-11-30,"South America",1,1297,291,2,1590
1996-12-31,"Africa",3,6031,254,618,6903
1996-12-31,"Asia",8,7618,35,572,8225
1996-12-31,"Europe",5,5882,2192,163,8237
1996-12-31,"South America",1,1282,267,6,1555
1997-01-31,"Africa",3,6041,281,660,6982
1997-01-31,"Asia",8,7621,35,555,8211
1997-01-31,"Europe",5,5875,2173,163,8211
1997-01-31,"South America",1,1290,270,6,1566
1997-02-28,"Africa",3,5364,259,628,6251
1997-02-28,"Asia",8,7631,35,551,8217
1997-02-28,"Europe",5,5795,2021,163,7979
1997-02-28,"South America",2,1292,304,155,1751
1997-03-31,"Africa",3,4975,271,682,5928
1997-03-31,"Asia",8,7558,35,552,8145
1997-03-31,"Europe",5,5862,2022,163,8047
1997-03-31,"South America",2,1281,308,148,1737
1997-04-30,"Africa",3,4702,268,615,5585
1997-04-30,"Asia",8,7666,35,530,8231
1997-04-30,"Europe",6,5994,2180,163,8337
1997-04-30,"South America",2,1296,295,151,1742
1997-05-31,"Africa",3,4469,281,582,5332
1997-05-31,"Asia",8,7680,35,535,8250
1997-05-31,"Europe",6,5499,2219,163,7881
1997-05-31,"South America",1,1295,250,6,1551
1997-06-30,"Africa",3,3683,297,576,4556
1997-06-30,"Asia",8,7623,35,543,8201
1997-06-30,"Europe",5,5625,2370,162,8157
1997-06-30,"South America",1,1296,227,6,1529
1997-07-31,"Africa",3,3060,291,529,3880
1997-07-31,"Asia",8,7642,35,552,8229
1997-07-31,"Europe",5,4344,2409,161,6914
1997-07-31,"South America",1,1287,222,6,1515
1997-08-31,"Africa",3,2637,317,458,3412
1997-08-31,"Asia",8,7650,35,556,8241
1997-08-31,"Europe",5,3530,2461,162,6153
1997-08-31,"South America",1,1179,226,1,1406
1997-09-30,"Africa",2,2503,310,438,3251
1997-09-30,"Asia",8,7627,35,557,8219
1997-09-30,"Europe",5,3425,2390,156,5971
1997-09-30,"South America",1,1136,241,0,1377
1997-10-31,"Africa",2,2489,344,423,3256
1997-10-31,"Asia",8,7766,35,549,8350
1997-10-31,"Europe",5,2756,2407,157,5320
1997-10-31,"South America",1,1170,230,0,1400
1997-11-30,"Africa",2,2246,357,421,3024
1997-11-30,"Asia",8,7607,37,543,8187
1997-11-30,"Europe",5,1647,2472,163,4282
1997-11-30,"South America",1,1193,156,0,1349
1997-12-31,"Africa",2,1579,429,364,2372
1997-12-31,"Asia",8,7626,35,556,8217
1997-12-31,"Europe",4,1467,2387,159,4013
1997-12-31,"South America",2,0,286,0,286
1998-01-31,"Africa",2,1223,419,317,1959
1998-01-31,"Asia",8,7645,35,553,8233
1998-01-31,"Europe",4,491,2161,71,2723
1998-01-31,"South America",2,0,286,0,286
1998-02-28,"Africa",2,926,425,304,1655
1998-02-28,"Asia",8,7658,35,560,8253
1998-02-28,"Europe",4,890,2258,66,3214
1998-02-28,"South America",2,0,293,0,293
1998-03-31,"Africa",2,966,416,289,1671
1998-03-31,"Asia",8,7683,34,554,8271
1998-03-31,"Europe",4,783,2170,66,3019
1998-03-31,"South America",2,0,287,0,287
1998-04-30,"Africa",3,2291,432,294,3017
1998-04-30,"Asia",8,7681,35,552,8268
1998-04-30,"Europe",4,786,2122,66,2974
1998-04-30,"South America",1,0,286,0,286
1998-05-31,"Africa",3,2313,429,288,3030
1998-05-31,"Asia",8,7647,35,555,8237
1998-05-31,"Europe",4,788,2163,66,3017
1998-05-31,"South America",1,0,292,0,292
1998-06-30,"Africa",3,2332,501,290,3123
1998-06-30,"Asia",8,7682,35,566,8283
1998-06-30,"Europe",4,782,2148,67,2997
1998-06-30,"South America",1,0,291,0,291
1998-07-31,"Africa",4,2376,500,298,3174
1998-07-31,"Asia",8,7654,36,557,8247
1998-07-31,"Europe",4,773,2163,65,3001
1998-07-31,"South America",1,0,294,0,294
1998-08-31,"Africa",4,2388,483,309,3180
1998-08-31,"Asia",8,7644,37,545,8226
1998-08-31,"Europe",4,812,2145,66,3023
1998-08-31,"South America",1,0,291,0,291
1998-09-30,"Africa",4,2370,478,325,3173
1998-09-30,"Asia",8,7627,35,531,8193
1998-09-30,"Europe",4,859,2111,66,3036
1998-09-30,"South America",1,0,281,0,281
1998-10-31,"Africa",4,2281,461,329,3071
1998-10-31,"Asia",8,7469,35,519,8023
1998-10-31,"Europe",4,840,2006,63,2909
1998-10-31,"South America",1,0,286,0,286
1998-11-30,"Africa",4,2258,407,331,2996
1998-11-30,"Asia",8,7722,37,528,8287
1998-11-30,"Europe",3,849,1999,61,2909
1998-11-30,"South America",1,0,284,0,284
1998-12-31,"Africa",4,2258,407,331,2996
1998-12-31,"Asia",8,7722,37,528,8287
1998-12-31,"Europe",3,849,1999,61,2909
1998-12-31,"South America",1,0,284,0,284
1999-01-31,"Africa",4,1999,203,266,2468
1999-01-31,"Asia",8,7656,37,517,8210
1999-01-31,"Europe",3,1049,1956,64,3069
1999-01-31,"South America",1,0,283,0,283
1999-02-28,"Africa",4,1835,146,234,2215
1999-02-28,"Asia",8,7516,38,504,8058
1999-02-28,"Europe",3,1048,2069,49,3166
1999-02-28,"South America",1,0,272,0,272
1999-03-31,"Africa",4,1662,39,215,1916
1999-03-31,"Asia",8,7548,37,513,8098
1999-03-31,"Europe",3,78,2004,24,2106
1999-03-31,"South America",1,0,277,0,277
1999-04-30,"Africa",4,1433,68,228,1729
1999-04-30,"Asia",8,7730,36,523,8289
1999-04-30,"Europe",2,4,1830,27,1861
1999-04-30,"South America",1,0,279,0,279
1999-05-31,"Africa",4,1627,63,237,1927
1999-05-31,"Asia",8,7692,36,515,8243
1999-05-31,"Europe",2,4,1914,27,1945
1999-05-31,"South America",1,0,280,0,280
1999-06-30,"Africa",4,1757,55,244,2056
1999-06-30,"Asia",8,7480,37,464,7981
1999-06-30,"Europe",3,8,1828,27,1863
1999-06-30,"South America",1,1,291,0,292
1999-07-31,"Africa",4,1568,107,270,1945
1999-07-31,"Asia",8,7663,37,528,8228
1999-07-31,"Europe",3,34,1969,34,2037
1999-07-31,"South America",1,0,282,0,282
1999-08-31,"Africa",4,1463,105,296,1864
1999-08-31,"Asia",9,7719,325,527,8571
1999-08-31,"Europe",3,38,2516,27,2581
1999-08-31,"South America",2,0,328,0,328
1999-09-30,"Africa",5,1604,105,377,2086
1999-09-30,"Asia",9,7622,231,635,8488
1999-09-30,"Europe",3,0,3252,66,3318
1999-09-30,"South America",2,0,335,20,355
1999-10-31,"Africa",5,1463,105,454,2022
1999-10-31,"Asia",9,7716,230,632,8578
1999-10-31,"Europe",3,0,3568,65,3633
1999-10-31,"South America",2,0,335,30,365
1999-11-30,"Africa",5,1400,105,454,1959
1999-11-30,"Asia",9,7716,230,632,8578
1999-11-30,"Europe",3,0,3568,65,3633
1999-11-30,"South America",2,0,335,30,365
1999-12-31,"Africa",5,5027,105,504,5636
1999-12-31,"Asia",9,7441,358,698,8497
1999-12-31,"Europe",3,0,3705,65,3770
1999-12-31,"South America",2,0,259,5,264
2000-01-31,"Africa",5,5057,93,530,5680
2000-01-31,"Asia",9,7652,515,703,8870
2000-01-31,"Europe",3,0,3713,66,3779
2000-01-31,"South America",2,0,291,20,311
2000-02-28,"Africa",5,4865,90,1341,6296
2000-02-28,"Asia",9,14484,689,703,15876
2000-02-28,"Europe",3,0,4215,68,4283
2000-02-28,"South America",2,0,265,20,285
2000-03-31,"Africa",5,7243,95,582,7920
2000-03-31,"Asia",9,14964,971,714,16649
2000-03-31,"Europe",3,0,4710,68,4778
2000-03-31,"South America",1,0,50,20,70
2000-04-30,"Africa",5,8184,103,601,8888
2000-04-30,"Asia",9,15746,1062,712,17520
2000-04-30,"Europe",3,0,4889,71,4960
2000-04-30,"South America",1,0,50,20,70
2000-05-31,"Africa",5,11464,108,697,12269
2000-05-31,"Asia",9,16023,1248,697,17968
2000-05-31,"Europe",3,0,5214,68,5282
2000-05-31,"South America",2,0,49,19,68
2000-06-30,"Africa",5,12206,120,735,13061
2000-06-30,"Asia",9,15959,1334,684,17977
2000-06-30,"Europe",3,0,5468,68,5536
2000-06-30,"South America",2,0,43,19,62
2000-07-31,"Africa",6,12214,72,750,13036
2000-07-31,"Asia",8,16685,1306,673,18664
2000-07-31,"Europe",3,0,5631,68,5699
2000-07-31,"South America",1,0,47,20,67
2000-08-31,"Africa",5,12210,71,749,13030
2000-08-31,"Asia",8,16531,1377,664,18572
2000-08-31,"Europe",3,0,5706,69,5775
2000-08-31,"South America",1,0,47,18,65
2000-09-30,"Africa",4,12289,68,779,13136
2000-09-30,"Asia",8,16617,1454,673,18744
2000-09-30,"Europe",3,0,5801,69,5870
2000-09-30,"South America",1,0,44,9,53
2000-10-31,"Africa",4,12313,81,779,13173
2000-10-31,"Asia",8,16618,1451,659,18728
2000-10-31,"Europe",3,0,5954,71,6025
2000-10-31,"South America",1,0,44,14,58
2000-11-30,"Africa",4,12600,65,785,13450
2000-11-30,"Asia",8,16597,1477,650,18724
2000-11-30,"Europe",3,0,6231,69,6300
2000-11-30,"South America",1,0,36,11,47
2000-12-31,"Africa",4,11821,65,791,12677
2000-12-31,"Asia",8,16716,1415,615,18746
2000-12-31,"Europe",3,0,6228,71,6299
2000-12-31,"South America",1,0,20,4,24
2001-01-31,"Africa",4,12906,92,770,13768
2001-01-31,"Asia",8,16722,1555,622,18899
2001-01-31,"Europe",3,88,6264,69,6421
2001-01-31,"South America",1,1,10,3,14
2001-02-28,"Africa",4,12906,92,770,13768
2001-02-28,"Asia",8,16722,1555,622,18899
2001-02-28,"Europe",3,88,6264,69,6421
2001-02-28,"South America",1,1,10,3,14
2001-03-31,"Africa",4,15702,81,884,16667
2001-03-31,"Asia",8,16826,1416,618,18860
2001-03-31,"Europe",3,0,6044,70,6114
2001-03-31,"South America",1,0,9,4,13
2001-04-30,"Africa",4,16263,87,956,17306
2001-04-30,"Asia",8,16962,1449,618,19029
2001-04-30,"Europe",3,0,6235,70,6305
2001-04-30,"South America",1,0,10,4,14
2001-05-31,"Africa",4,17825,70,1025,18920
2001-05-31,"Asia",8,16784,1392,493,18669
2001-05-31,"Europe",3,0,6224,70,6294
2001-05-31,"South America",1,0,10,4,14
2001-06-30,"Africa",4,16815,71,1042,17928
2001-06-30,"Asia",8,16677,1461,609,18747
2001-06-30,"Europe",3,0,6155,68,6223
2001-06-30,"South America",1,0,10,4,14
2001-07-31,"Africa",4,19815,72,1054,20941
2001-07-31,"Asia",8,15636,1503,606,17745
2001-07-31,"Europe",3,0,6061,68,6129
2001-07-31,"South America",1,0,9,4,13
2001-08-31,"Africa",4,22096,83,1063,23242
2001-08-31,"Asia",8,15678,1524,626,17828
2001-08-31,"Europe",3,0,6012,69,6081
2001-08-31,"South America",1,0,9,3,12
2001-09-30,"Africa",4,22055,82,1087,23224
2001-09-30,"Asia",8,15561,1562,618,17741
2001-09-30,"Europe",3,0,5935,68,6003
2001-09-30,"South America",1,0,9,3,12
2001-10-31,"Africa",4,23007,84,1148,24239
2001-10-31,"Asia",8,15093,1462,611,17166
2001-10-31,"Europe",3,0,6112,68,6180
2001-10-31,"South America",1,0,9,4,13
2001-11-30,"Africa",4,23805,88,1153,25046
2001-11-30,"Asia",8,14489,1421,625,16535
2001-11-30,"Europe",3,0,6139,68,6207
2001-11-30,"South America",1,0,9,4,13
2001-12-31,"Africa",4,23778,89,1154,25021
2001-12-31,"Asia",8,13887,1351,598,15836
2001-12-31,"Europe",3,0,6193,68,6261
2001-12-31,"South America",1,0,9,4,13
2002-01-31,"Africa",4,23849,94,1116,25059
2002-01-31,"Asia",8,13059,1294,613,14966
2002-01-31,"Europe",3,0,6157,67,6224
2002-01-31,"South America",1,0,9,4,13
2002-02-28,"Africa",4,24024,107,1138,25269
2002-02-28,"Asia",8,12746,1258,619,14623
2002-02-28,"Europe",3,0,6326,68,6394
2002-02-28,"South America",1,0,9,4,13
2002-03-31,"Africa",4,24047,125,1139,25311
2002-03-31,"Asia",8,13072,1323,623,15018
2002-03-31,"Europe",3,0,6071,68,6139
2002-03-31,"South America",1,0,11,4,15
2002-04-30,"Africa",4,24261,127,1138,25526
2002-04-30,"Asia",8,13214,1313,619,15146
2002-04-30,"Europe",3,0,6068,67,6135
2002-04-30,"South America",1,0,11,4,15
2002-05-31,"Africa",4,24352,128,1148,25628
2002-05-31,"Asia",8,11867,1143,601,13611
2002-05-31,"Europe",3,0,5972,69,6041
2002-05-31,"South America",1,0,10,4,14
2002-06-30,"Africa",4,24871,132,1129,26132
2002-06-30,"Asia",8,11531,974,612,13117
2002-06-30,"Europe",3,0,6037,68,6105
2002-06-30,"South America",1,0,10,4,14
2002-07-31,"Africa",4,24866,163,1097,26126
2002-07-31,"Asia",8,11134,869,617,12620
2002-07-31,"Europe",3,0,5909,68,5977
2002-07-31,"South America",1,0,10,4,14
2002-08-30,"Africa",5,24755,138,1122,26015
2002-08-30,"Asia",8,10943,806,613,12362
2002-08-30,"Europe",3,0,5800,69,5869
2002-08-30,"South America",1,0,10,4,14
2002-09-30,"Africa",5,24866,138,1094,26098
2002-09-30,"Asia",8,10932,789,621,12342
2002-09-30,"Europe",3,0,5839,66,5905
2002-09-30,"South America",1,0,10,4,14
2002-10-31,"Africa",5,24785,111,1088,25984
2002-10-31,"Asia",9,10270,780,620,11670
2002-10-31,"Europe",3,0,5290,63,5353
2002-11-30,"Africa",5,24302,111,1086,25499
2002-11-30,"Asia",9,9677,780,617,11074
2002-11-30,"Europe",3,0,5290,63,5353
2002-12-31,"Africa",5,23535,118,1137,24790
2002-12-31,"Asia",9,8985,769,623,10377
2002-12-31,"Europe",1,0,4446,39,4485
2003-01-31,"Africa",5,23024,126,1135,24285
2003-01-31,"Asia",9,8999,768,619,10386
2003-01-31,"Europe",1,0,4438,38,4476
2003-02-28,"Africa",4,23023,126,1131,24280
2003-02-28,"Asia",9,8970,721,615,10306
2003-02-28,"Europe",1,0,4377,38,4415
2003-03-30,"Africa",4,22244,171,1175,23590
2003-03-30,"Asia",9,7983,687,416,9086
2003-03-30,"Europe",1,0,4391,38,4429
2003-04-30,"Africa",4,22508,188,1201,23897
2003-04-30,"Asia",9,7659,677,419,8755
2003-04-30,"Europe",1,0,4297,38,4335
2003-05-31,"Africa",4,20693,204,1212,22109
2003-05-31,"Asia",9,7731,553,419,8703
2003-05-31,"Europe",1,0,4097,38,4135
2003-06-30,"Africa",5,22313,226,1225,23764
2003-06-30,"Asia",9,7662,457,425,8544
2003-06-30,"Europe",1,0,4020,39,4059
2003-07-31,"Africa",5,22698,219,1251,24168
2003-07-31,"Asia",9,7592,454,428,8474
2003-07-31,"Europe",1,0,3998,38,4036
2003-08-31,"Africa",5,23177,232,1255,24664
2003-08-31,"Asia",9,7882,426,419,8727
2003-08-31,"Europe",1,0,3774,37,3811
2003-09-30,"Africa",6,24402,249,1237,25888
2003-09-30,"Asia",9,7738,529,428,8695
2003-09-30,"Europe",1,0,3651,36,3687
2003-10-31,"Africa",6,29215,246,1255,30716
2003-10-31,"Asia",8,7192,482,424,8098
2003-10-31,"Europe",1,0,3745,38,3783
2003-11-30,"Africa",6,30601,287,1328,32216
2003-11-30,"Asia",8,6681,453,414,7548
2003-11-30,"Europe",1,0,3728,39,3767
2003-12-31,"Africa",6,33422,557,1410,35389
2003-12-31,"Asia",8,5913,379,403,6695
2003-12-31,"Europe",1,0,3691,40,3731
2004-01-31,"Africa",6,36174,687,1391,38252
2004-01-31,"Asia",8,5908,381,400,6689
2004-01-31,"Europe",1,0,3611,38,3649
2004-02-28,"Africa",6,36851,775,1387,39013
2004-02-28,"Asia",8,5922,365,400,6687
2004-02-28,"Europe",1,0,3508,37,3545
2004-03-31,"Africa",6,39129,814,1428,41371
2004-03-31,"Asia",8,6046,364,400,6810
2004-03-31,"Europe",1,0,3478,38,3516
2004-04-30,"Africa",6,40809,896,1508,43213
2004-04-30,"Asia",8,5897,362,404,6663
2004-04-30,"Europe",1,0,3506,37,3543
2004-05-31,"Africa",6,42677,1110,1543,45330
2004-05-31,"Asia",8,5927,190,230,6347
2004-05-31,"Europe",1,0,3510,36,3546
2004-05-31,"South America",1,240,7,0,247
2004-06-30,"Africa",7,42247,1393,1615,45255
2004-06-30,"Asia",8,4660,188,370,5218
2004-06-30,"Europe",1,0,3603,37,3640
2004-06-30,"South America",1,2081,67,0,2148
2004-07-31,"Africa",7,44246,1486,1648,47380
2004-07-31,"Asia",8,4686,202,366,5254
2004-07-31,"Europe",1,0,3604,35,3639
2004-07-31,"South America",1,2259,224,0,2483
2004-08-31,"Africa",7,45679,1486,1699,48864
2004-08-31,"Asia",8,4686,202,363,5251
2004-08-31,"Europe",1,0,3604,37,3641
2004-08-31,"South America",1,2765,224,0,2989
2004-09-30,"Africa",7,46428,1613,1732,49773
2004-09-30,"Asia",8,4680,211,369,5260
2004-09-30,"Europe",1,0,3562,37,3599
2004-09-30,"South America",1,3092,583,0,3675
2004-10-31,"Africa",7,45723,1651,1713,49087
2004-10-31,"Asia",8,4694,214,369,5277
2004-10-31,"Europe",1,0,3658,36,3694
2004-10-31,"South America",1,3769,963,0,4732
2004-11-30,"Africa",7,45594,1667,1677,48938
2004-11-30,"Asia",8,4691,213,373,5277
2004-11-30,"Europe",1,0,3616,37,3653
2004-11-30,"South America",1,4790,1270,0,6060
2004-12-31,"Africa",7,45233,1652,1640,48525
2004-12-31,"Asia",8,4668,209,369,5246
2004-12-31,"Europe",1,0,3509,37,3546
2004-12-31,"South America",1,6008,1398,0,7406
2005-01-31,"Africa",7,45841,1649,1679,49169
2005-01-31,"Asia",8,4362,209,372,4943
2005-01-31,"Europe",1,0,3509,37,3546
2005-01-31,"South America",1,5994,1398,0,7392
2005-02-28,"Africa",7,47849,1637,1677,51163
2005-02-28,"Asia",8,4346,198,382,4926
2005-02-28,"Europe",1,0,3391,37,3428
2005-02-28,"South America",1,6012,1401,0,7413
2005-03-31,"Africa",8,47860,1656,1692,51208
2005-03-31,"Asia",8,4501,197,377,5075
2005-03-31,"Europe",1,0,3215,37,3252
2005-03-31,"South America",1,6210,1398,0,7608
2005-04-30,"Africa",8,47789,1652,1669,51110
2005-04-30,"Asia",8,4363,199,302,4864
2005-04-30,"Europe",1,0,2992,37,3029
2005-04-30,"South America",1,6207,1288,0,7495
2005-05-31,"Africa",8,47816,1657,1764,51237
2005-05-31,"Asia",8,3971,75,216,4262
2005-05-31,"Europe",1,0,2709,36,2745
2005-05-31,"South America",1,6207,1437,0,7644
2005-06-30,"Africa",8,48715,1651,1805,52171
2005-06-30,"Asia",8,3894,76,232,4202
2005-06-30,"Europe",1,0,2709,36,2745
2005-06-30,"South America",1,6229,1437,0,7666
2005-07-31,"Africa",8,49160,1867,1773,52800
2005-07-31,"Asia",8,3900,111,194,4205
2005-07-31,"Europe",1,0,2612,37,2649
2005-07-31,"South America",1,6264,1401,0,7665
2005-08-31,"Africa",8,49512,1867,1770,53149
2005-08-31,"Asia",7,3897,70,197,4164
2005-08-31,"Europe",1,0,2612,36,2648
2005-08-31,"South America",1,6263,1401,0,7664
2005-09-30,"Africa",8,49646,2300,1756,53702
2005-09-30,"Asia",8,3973,125,196,4294
2005-09-30,"Europe",1,0,2233,35,2268
2005-09-30,"South America",1,6595,1509,0,8104
2005-10-31,"Africa",8,49952,2380,2019,54351
2005-10-31,"Asia",8,3881,137,334,4352
2005-10-31,"Europe",1,0,2186,36,2222
2005-10-31,"South America",1,7273,1594,0,8867
2005-11-30,"Africa",8,49486,2893,2132,54511
2005-11-30,"Asia",8,3881,141,192,4214
2005-11-30,"Europe",1,0,2188,36,2224
2005-11-30,"South America",1,7265,1741,0,9006
2005-12-31,"Africa",7,48908,3202,2150,54260
2005-12-31,"Asia",8,3876,145,232,4253
2005-12-31,"Europe",1,0,2146,37,2183
2005-12-31,"South America",1,7286,1748,0,9034
2006-01-31,"Africa",8,50195,3299,2305,55799
2006-01-31,"Asia",9,4034,146,350,4530
2006-01-31,"Europe",1,0,2150,37,2187
2006-01-31,"South America",1,7519,1776,0,9295
2006-02-28,"Africa",8,51206,3397,2317,56920
2006-02-28,"Asia",9,4130,143,349,4622
2006-02-28,"Europe",1,0,2221,38,2259
2006-02-28,"South America",1,7472,1761,0,9233
2006-03-31,"Africa",8,50447,3417,2337,56201
2006-03-31,"Asia",9,3993,144,356,4493
2006-03-31,"Europe",1,0,2188,38,2226
2006-03-31,"South America",1,7151,1752,0,8903
2006-04-30,"Africa",8,51585,3497,2337,57419
2006-04-30,"Asia",9,4017,135,324,4476
2006-04-30,"Europe",1,0,2134,37,2171
2006-04-30,"South America",1,7054,1716,0,8770
2006-05-31,"Africa",8,51993,3502,2346,57841
2006-05-31,"Asia",9,4033,123,296,4452
2006-05-31,"Europe",1,0,2086,37,2123
2006-05-31,"South America",1,7073,1687,0,8760
2006-06-30,"Africa",8,52598,3565,2322,58485
2006-06-30,"Asia",9,4036,85,230,4351
2006-06-30,"Europe",1,0,1928,37,1965
2006-06-30,"South America",1,6311,1687,0,7998
2006-07-31,"Africa",8,52449,3561,2362,58372
2006-07-31,"Asia",9,4078,86,219,4383
2006-07-31,"Europe",1,0,1977,37,2014
2006-07-31,"South America",1,6499,1622,0,8121
2006-08-31,"Africa",8,53267,3760,2370,59397
2006-08-31,"Asia",9,4339,663,217,5219
2006-08-31,"Europe",1,0,2021,36,2057
2006-08-31,"South America",1,6430,1602,0,8032
2006-09-30,"Africa",8,52399,3834,2353,58586
2006-09-30,"Asia",9,7268,543,306,8117
2006-09-30,"Europe",1,0,1870,37,1907
2006-09-30,"South America",1,6642,1700,0,8342
2006-10-31,"Africa",8,52240,3874,2347,58461
2006-10-31,"Asia",9,10840,1027,256,12123
2006-10-31,"Europe",1,0,1893,37,1930
2006-10-31,"South America",1,6652,1682,0,8334
2006-11-30,"Africa",8,51083,3879,2271,57233
2006-11-30,"Asia",9,13009,1028,370,14407
2006-11-30,"Europe",1,0,1883,37,1920
2006-11-30,"South America",1,6668,1692,0,8360
2006-12-31,"Africa",7,48775,3865,2118,54758
2006-12-31,"Asia",9,13687,1178,372,15237
2006-12-31,"Europe",1,0,1960,37,1997
2006-12-31,"South America",1,6684,1692,0,8376
2007-01-31,"Africa",7,49076,3933,2116,55125
2007-01-31,"Asia",9,14394,1524,380,16298
2007-01-31,"Europe",1,0,1983,36,2019
2007-01-31,"South America",1,6782,1768,0,8550
2007-02-28,"Africa",8,48901,4063,2123,55087
2007-02-28,"Asia",10,15015,1551,432,16998
2007-02-28,"Europe",1,0,2028,37,2065
2007-02-28,"South America",1,6799,1802,0,8601
2007-03-31,"Africa",8,48677,4123,2139,54939
2007-03-31,"Asia",10,15139,1635,461,17235
2007-03-31,"Europe",1,0,2025,36,2061
2007-03-31,"South America",1,7023,1813,0,8836
2007-04-30,"Africa",8,48624,4050,2164,54838
2007-04-30,"Asia",10,15373,1721,477,17571
2007-04-30,"Europe",1,0,2001,38,2039
2007-04-30,"South America",1,7036,1793,0,8829
2007-05-31,"Africa",8,48668,4033,2158,54859
2007-05-31,"Asia",10,15346,1708,514,17568
2007-05-31,"Europe",1,0,2050,37,2087
2007-05-31,"South America",1,7050,1760,0,8810
2007-06-30,"Africa",8,48721,4094,2166,54981
2007-06-30,"Asia",10,15409,1708,520,17637
2007-06-30,"Europe",1,0,2136,37,2173
2007-06-30,"South America",1,7065,1760,0,8825
2007-07-31,"Africa",8,48693,4008,2175,54876
2007-07-31,"Asia",10,15654,1706,538,17898
2007-07-31,"Europe",1,0,2116,40,2156
2007-07-31,"South America",1,7081,1772,0,8853
2007-08-31,"Africa",8,48735,3974,2082,54791
2007-08-31,"Asia",10,15503,1689,534,17726
2007-08-31,"Europe",1,0,1946,40,1986
2007-08-31,"South America",1,7054,1771,0,8825
2007-09-30,"Africa",9,48741,4017,2145,54903
2007-09-30,"Asia",10,15383,1717,538,17638
2007-09-30,"Europe",1,0,2029,40,2069
2007-09-30,"South America",1,7062,1774,0,8836
2007-10-31,"Africa",9,48130,4043,2133,54306
2007-10-31,"Asia",10,15390,1546,534,17470
2007-10-31,"Europe",1,0,1996,40,2036
2007-10-31,"South America",1,7060,1829,0,8889
2007-11-30,"Africa",10,48147,4242,2150,54539
2007-11-30,"Asia",10,15410,1569,540,17519
2007-11-30,"Europe",1,0,2006,39,2045
2007-11-30,"South America",1,7062,1841,0,8903
2007-12-31,"Africa",10,48070,5688,2149,55907
2007-12-31,"Asia",10,15391,1567,536,17494
2007-12-31,"Europe",1,0,1996,39,2035
2007-12-31,"South America",1,7047,1826,0,8873
2008-01-31,"Africa",10,55104,5786,2304,63194
2008-01-31,"Asia",10,14582,1531,532,16645
2008-01-31,"Europe",1,0,2010,41,2051
2008-01-31,"South America",1,7066,1927,0,8993
2008-02-28,"Africa",10,54630,5908,2342,62880
2008-02-28,"Asia",10,14661,1584,539,16784
2008-02-28,"Europe",1,0,1996,40,2036
2008-02-28,"South America",1,7060,1930,0,8990
2008-03-31,"Africa",10,53245,5855,2136,61236
2008-03-31,"Asia",10,14479,1639,528,16646
2008-03-31,"Europe",1,0,1953,40,1993
2008-03-31,"South America",1,7064,1923,0,8987
2008-04-30,"Africa",10,53055,5813,2158,61026
2008-04-30,"Asia",10,14520,1606,534,16660
2008-04-30,"Europe",1,0,1917,39,1956
2008-04-30,"South America",1,7082,1930,0,9012
2008-05-31,"Africa",10,52670,5956,2145,60771
2008-05-31,"Asia",10,14504,1605,520,16629
2008-05-31,"Europe",1,0,1926,37,1963
2008-05-31,"South America",1,7174,1881,0,9055
2008-06-30,"Africa",10,52734,6029,2130,60893
2008-06-30,"Asia",10,14450,1619,511,16580
2008-06-30,"Europe",1,0,2028,39,2067
2008-06-30,"South America",1,7070,1907,0,8977
2008-07-31,"Africa",10,52967,5948,2091,61006
2008-07-31,"Asia",10,14463,1624,453,16540
2008-07-31,"Europe",1,0,2010,38,2048
2008-07-31,"South America",1,7105,1935,0,9040
2008-08-31,"Africa",9,53042,5968,2058,61068
2008-08-31,"Asia",10,14448,1620,450,16518
2008-08-31,"Europe",1,0,2015,32,2047
2008-08-31,"South America",1,7027,1916,0,8943
2008-09-30,"Africa",9,52990,6121,2099,61210
2008-09-30,"Asia",10,14654,1630,441,16725
2008-09-30,"Europe",1,0,1910,29,1939
2008-09-30,"South America",1,7012,1868,0,8880
2008-10-31,"Africa",8,53644,6589,2132,62365
2008-10-31,"Asia",10,14859,1646,448,16953
2008-10-31,"Europe",1,0,1871,26,1897
2008-10-31,"South America",1,7009,2019,0,9028
2008-11-30,"Africa",8,53692,6758,2137,62587
2008-11-30,"Asia",10,14856,1634,448,16938
2008-11-30,"Europe",1,0,1288,24,1312
2008-11-30,"South America",1,7013,1995,0,9008
2008-12-31,"Africa",8,55980,7007,2161,65148
2008-12-31,"Asia",10,14555,1610,447,16612
2008-12-31,"Europe",1,0,841,22,863
2008-12-31,"South America",1,7016,2053,0,9069
2009-01-31,"Africa",8,56130,7051,2109,65290
2009-01-31,"Asia",10,14860,1594,438,16892
2009-01-31,"Europe",1,0,128,23,151
2009-01-31,"South America",1,7037,2012,0,9049
2009-02-28,"Africa",8,55737,6877,2072,64686
2009-02-28,"Asia",10,14663,1666,443,16772
2009-02-28,"Europe",1,0,55,22,77
2009-02-28,"South America",1,7039,2031,0,9070
2009-03-31,"Africa",8,57927,6748,2039,66714
2009-03-31,"Asia",10,14399,1544,440,16383
2009-03-31,"Europe",1,0,25,19,44
2009-03-31,"South America",1,7044,2011,0,9055
2009-04-30,"Africa",8,58362,6735,2001,67098
2009-04-30,"Asia",10,14492,1515,439,16446
2009-04-30,"Europe",1,0,22,17,39
2009-04-30,"South America",1,7026,2026,0,9052
2009-05-31,"Africa",8,59114,7295,1976,68385
2009-05-31,"Asia",10,14282,1574,441,16297
2009-05-31,"Europe",1,0,21,13,34
2009-05-31,"South America",1,7048,2049,0,9097
2009-06-30,"Africa",8,58764,7299,1949,68012
2009-06-30,"Asia",9,14150,1636,317,16103
2009-06-30,"Europe",1,0,8,13,21
2009-06-30,"South America",1,7030,2050,0,9080
2009-07-31,"Africa",8,57569,7763,1974,67306
2009-07-31,"Asia",9,14251,1659,319,16229
2009-07-31,"Europe",1,0,8,9,17
2009-07-31,"South America",1,7106,2052,0,9158
2009-08-31,"Africa",8,59509,8486,1975,69970
2009-08-31,"Asia",9,14340,1652,317,16309
2009-08-31,"Europe",1,0,8,9,17
2009-08-31,"South America",1,7057,2066,0,9123
2009-09-30,"Africa",8,60011,8516,1924,70451
2009-09-30,"Asia",9,14533,1632,325,16490
2009-09-30,"Europe",1,0,8,9,17
2009-09-30,"South America",1,7051,2066,0,9117
2009-10-31,"Africa",8,61156,8979,1934,72069
2009-10-31,"Asia",9,14459,1628,326,16413
2009-10-31,"Europe",1,0,6,9,15
2009-10-31,"South America",1,7041,2032,0,9073
2009-11-30,"Africa",8,61772,9037,2015,72824
2009-11-30,"Asia",9,14260,1622,326,16208
2009-11-30,"Europe",1,0,7,9,16
2009-11-30,"South America",1,7031,2034,0,9065
2009-12-31,"Africa",8,62073,9175,1976,73224
2009-12-31,"Asia",9,13981,1586,329,15896
2009-12-31,"Europe",1,0,8,9,17
2009-12-31,"South America",1,7032,2025,0,9057
2010-01-31,"Africa",8,63520,9282,2008,74810
2010-01-31,"Asia",9,14079,1580,331,15990
2010-01-31,"Europe",1,0,7,9,16
2010-01-31,"South America",1,7032,1998,0,9030
2010-02-28,"Africa",8,64615,9311,2013,75939
2010-02-28,"Asia",9,13619,1560,326,15505
2010-02-28,"Europe",1,0,7,9,16
2010-02-28,"South America",1,7032,2055,0,9087
2010-03-31,"Africa",8,64502,9274,1983,75759
2010-03-31,"Asia",9,13662,1595,323,15580
2010-03-31,"Europe",1,0,7,8,15
2010-03-31,"South America",1,8294,2178,0,10472
2010-04-30,"Africa",8,64063,9349,1967,75379
2010-04-30,"Asia",9,13993,1603,329,15925
2010-04-30,"Europe",1,0,8,8,16
2010-04-30,"South America",1,8304,2261,0,10565
2010-05-31,"Africa",8,63481,9380,1993,74854
2010-05-31,"Asia",9,14187,1565,328,16080
2010-05-31,"Europe",1,0,8,8,16
2010-05-31,"South America",1,8454,2484,0,10938
2010-06-30,"Africa",8,62606,9030,2013,73649
2010-06-30,"Asia",9,13569,1507,328,15404
2010-06-30,"Europe",1,0,6,8,14
2010-06-30,"South America",1,8609,2969,0,11578
2010-07-31,"Africa",8,61468,9131,1998,72597
2010-07-31,"Asia",9,13828,1546,326,15700
2010-07-31,"Europe",1,0,6,8,14
2010-07-31,"South America",1,8603,2965,0,11568
2010-08-31,"Africa",8,61303,9327,1997,72627
2010-08-31,"Asia",9,13562,1553,316,15431
2010-08-31,"Europe",1,0,8,8,16
2010-08-31,"South America",1,8766,3082,0,11848
2010-09-30,"Africa",8,61186,9303,1978,72467
2010-09-30,"Asia",9,13833,1558,320,15711
2010-09-30,"Europe",1,0,9,8,17
2010-09-30,"South America",1,8645,3105,0,11750
2010-10-31,"Africa",8,60461,9326,2020,71807
2010-10-31,"Asia",9,14004,1557,325,15886
2010-10-31,"Europe",1,0,8,8,16
2010-10-31,"South America",1,8651,3146,0,11797
2010-11-30,"Africa",8,60160,9195,2009,71364
2010-11-30,"Asia",9,14148,1555,324,16027
2010-11-30,"Europe",1,0,8,8,16
2010-11-30,"South America",1,8650,3173,0,11823
2010-12-31,"Africa",8,59188,9520,1969,70677
2010-12-31,"Asia",9,14082,1554,325,15961
2010-12-31,"Europe",1,0,8,8,16
2010-12-31,"South America",1,8744,3240,0,11984
2011-01-31,"Africa",7,59172,9533,2003,70708
2011-01-31,"Asia",8,14087,1537,253,15877
2011-01-31,"Europe",1,0,7,8,15
2011-01-31,"South America",1,8930,3300,0,12230
2011-02-28,"Africa",7,59669,9708,1964,71341
2011-02-28,"Asia",8,13948,1498,254,15700
2011-02-28,"Europe",1,0,8,8,16
2011-02-28,"South America",1,8743,3312,0,12055
2011-03-31,"Africa",7,59535,9688,1966,71189
2011-03-31,"Asia",8,14015,1429,254,15698
2011-03-31,"Europe",1,0,8,8,16
2011-03-31,"South America",1,8740,3578,0,12318
2011-04-30,"Africa",7,59755,9685,1959,71399
2011-04-30,"Asia",8,13993,1431,247,15671
2011-04-30,"Europe",1,0,8,8,16
2011-04-30,"South America",1,8734,3545,0,12279
2011-05-31,"Africa",7,59755,9487,1957,71199
2011-05-31,"Asia",8,13953,1304,250,15507
2011-05-31,"Europe",1,0,8,8,16
2011-05-31,"South America",1,8720,3550,0,12270
2011-06-30,"Africa",7,60405,9384,1950,71739
2011-06-30,"Asia",8,14276,1273,251,15800
2011-06-30,"Europe",1,0,6,8,14
2011-06-30,"South America",1,8718,3543,0,12261
2011-07-31,"Africa",7,60124,8835,1578,70537
2011-07-31,"Asia",8,14520,1260,244,16024
2011-07-31,"Europe",1,0,8,8,16
2011-07-31,"South America",1,8718,3524,0,12242
2011-08-31,"Africa",8,60231,9271,1930,71432
2011-08-31,"Asia",8,14228,1259,241,15728
2011-08-31,"Europe",1,0,8,8,16
2011-08-31,"South America",1,8718,3524,0,12242
2011-09-30,"Africa",8,59807,9500,1879,71186
2011-09-30,"Asia",8,14475,1260,247,15982
2011-09-30,"Europe",1,0,8,8,16
2011-09-30,"South America",1,8752,3542,0,12294
2011-10-31,"Africa",8,59435,9322,1771,70528
2011-10-31,"Asia",8,14678,1272,247,16197
2011-10-31,"Europe",1,0,8,9,17
2011-10-31,"South America",1,8915,3637,0,12552
2011-11-30,"Africa",8,59344,9442,1727,70513
2011-11-30,"Asia",8,14156,1275,250,15681
2011-11-30,"Europe",1,0,7,9,16
2011-11-30,"South America",1,8856,3582,0,12438
2011-12-31,"Africa",8,60380,9495,1732,71607
2011-12-31,"Asia",8,14285,1254,243,15782
2011-12-31,"Europe",1,0,7,9,16
2011-12-31,"South America",1,8065,3546,0,11611
2012-01-31,"Africa",8,60444,9689,1743,71876
2012-01-31,"Asia",8,14394,1256,243,15893
2012-01-31,"Europe",1,0,7,10,17
2012-01-31,"South America",1,7699,3542,0,11241
2012-02-28,"Africa",8,60575,9638,1795,72008
2012-02-28,"Asia",8,14261,1297,235,15793
2012-02-28,"Europe",1,0,7,9,16
2012-02-28,"South America",1,7575,3534,0,11109
2012-03-31,"Africa",8,60736,9858,1803,72397
2012-03-31,"Asia",8,14244,1314,245,15803
2012-03-31,"Europe",1,0,7,9,16
2012-03-31,"South America",1,7526,3247,0,10773
2012-04-30,"Africa",8,61150,9847,1750,72747
2012-04-30,"Asia",9,14211,1298,277,15786
2012-04-30,"Europe",1,0,6,9,15
2012-04-30,"South America",1,7295,3189,0,10484
2012-05-31,"Africa",8,60865,10051,1782,72698
2012-05-31,"Asia",9,14150,1314,514,15978
2012-05-31,"Europe",1,0,6,9,15
2012-05-31,"South America",1,7283,3126,0,10409
2012-06-30,"Africa",8,60306,9944,1787,72037
2012-06-30,"Asia",9,13840,1282,520,15642
2012-06-30,"Europe",1,0,6,9,15
2012-06-30,"South America",1,7297,2866,0,10163
2012-07-31,"Africa",8,60153,9443,1741,71337
2012-07-31,"Asia",9,13797,1309,391,15497
2012-07-31,"Europe",1,0,6,7,13
2012-07-31,"South America",1,7297,2795,0,10092
2012-08-31,"Africa",8,60298,9415,1763,71476
2012-08-31,"Asia",9,13641,1247,243,15131
2012-08-31,"Europe",1,0,6,8,14
2012-08-31,"South America",1,7276,2825,0,10101
2012-09-30,"Africa",8,60515,9535,1786,71836
2012-09-30,"Asia",8,13806,1206,232,15244
2012-09-30,"Europe",1,0,6,8,14
2012-09-30,"South America",1,7302,2803,0,10105
2012-10-31,"Africa",8,60335,9724,1763,71822
2012-10-31,"Asia",8,14028,1125,229,15382
2012-10-31,"Europe",1,0,8,8,16
2012-10-31,"South America",1,7308,2778,0,10086
2012-11-30,"Africa",8,60159,9811,1782,71752
2012-11-30,"Asia",8,13457,131,212,13800
2012-11-30,"Europe",1,0,8,8,16
2012-11-30,"South America",1,7297,2691,0,9988
2012-12-31,"Africa",8,59830,9632,1747,71209
2012-12-31,"Asia",7,13122,75,215,13412
2012-12-31,"Europe",1,0,7,9,16
2012-12-31,"South America",1,6789,2655,0,9444
2013-01-31,"Africa",7,59210,9517,1771,70498
2013-01-31,"Asia",7,13137,77,218,13432
2013-01-31,"Europe",1,0,7,9,16
2013-01-31,"South America",1,6684,2614,0,9298
2013-02-28,"Africa",7,59269,9800,1609,70678
2013-02-28,"Asia",7,13093,75,214,13382
2013-02-28,"Europe",1,0,7,9,16
2013-02-28,"South America",1,6685,2607,0,9292
2013-03-31,"Africa",7,58609,9792,1601,70002
2013-03-31,"Asia",7,12872,77,218,13167
2013-03-31,"Europe",1,0,6,9,15
2013-03-31,"South America",1,6681,2676,0,9357
2013-04-30,"Africa",7,58489,9820,1644,69953
2013-04-30,"Asia",7,13042,75,218,13335
2013-04-30,"Europe",1,0,6,9,15
2013-04-30,"South America",1,6443,2661,0,9104
2013-05-31,"Africa",7,57207,9744,1619,68570
2013-05-31,"Asia",7,12859,79,218,13156
2013-05-31,"Europe",1,0,7,9,16
2013-05-31,"South America",1,6179,2630,0,8809
2013-06-30,"Africa",7,57923,9953,1612,69488
2013-06-30,"Asia",7,12622,80,217,12919
2013-06-30,"Europe",1,0,7,9,16
2013-06-30,"South America",1,6207,2586,0,8793
2013-07-31,"Africa",8,63447,10611,1612,75670
2013-07-31,"Asia",7,12872,75,214,13161
2013-07-31,"Europe",1,0,8,9,17
2013-07-31,"South America",1,6232,2522,0,8754
2013-08-31,"Africa",8,63324,10396,1615,75335
2013-08-31,"Asia",7,12838,75,220,13133
2013-08-31,"Europe",1,0,8,9,17
2013-08-31,"South America",1,6233,2457,0,8690
2013-09-30,"Africa",8,63439,10177,1655,75271
2013-09-30,"Asia",7,12893,72,227,13192
2013-09-30,"Europe",1,0,8,8,16
2013-09-30,"South America",1,6226,2452,0,8678
2013-10-31,"Africa",8,64094,10297,1654,76045
2013-10-31,"Asia",7,13268,72,227,13567
2013-10-31,"Europe",1,0,7,8,15
2013-10-31,"South America",1,6249,2435,0,8684
2013-11-30,"Africa",8,64272,10405,1619,76296
2013-11-30,"Asia",7,13242,69,223,13534
2013-11-30,"Europe",1,0,7,8,15
2013-11-30,"South America",1,5986,2436,0,8422
2013-12-31,"Africa",8,64320,10547,1635,76502
2013-12-31,"Asia",7,12791,72,221,13084
2013-12-31,"Europe",1,0,6,8,14
2013-12-31,"South America",1,6168,2432,0,8600
2014-01-31,"Africa",8,64596,10681,1625,76902
2014-01-31,"Asia",7,12751,72,223,13046
2014-01-31,"Europe",1,0,7,9,16
2014-01-31,"South America",1,6355,2420,0,8775
2014-02-28,"Africa",8,65060,10569,1636,77265
2014-02-28,"Asia",7,12570,72,221,12863
2014-02-28,"Europe",1,0,7,8,15
2014-02-28,"South America",1,5794,2413,0,8207
